{"best_objective":4725.480173611112,"instance":"T-17-21-3-1.json","voyages":{"PSV_2":{"sequence":[13,0,19,7],"time_points":{"0":{"service_time":80,"arrival_time":80,"end_time":92},"SD":{"end_time":63},"19":{"service_time":92,"arrival_time":92,"end_time":93},"7":{"service_time":94,"arrival_time":94,"end_time":108},"13":{"service_time":73,"arrival_time":73,"end_time":79},"ED":{"end_time":121}}},"PSV_3":{"sequence":[14,4,6,1,9,16,11],"time_points":{"16":{"service_time":138,"arrival_time":138,"end_time":139},"SD":{"end_time":63},"1":{"service_time":125,"arrival_time":125,"end_time":132},"4":{"service_time":100,"arrival_time":100,"end_time":110},"6":{"service_time":113,"arrival_time":113,"end_time":125},"9":{"service_time":132,"arrival_time":132,"end_time":138},"11":{"service_time":146,"arrival_time":146,"end_time":152},"14":{"service_time":87,"arrival_time":87,"end_time":91},"ED":{"end_time":179}}},"SPOT":{"sequence":[],"time_points":{}},"PSV_1":{"sequence":[5,10,3,20,2,15,12,18,8,17],"time_points":{"SD":{"end_time":63},"17":{"service_time":147,"arrival_time":147,"end_time":148},"2":{"service_time":116,"arrival_time":116,"end_time":119},"18":{"service_time":128,"arrival_time":128,"end_time":129},"3":{"service_time":102,"arrival_time":102,"end_time":110},"20":{"service_time":110,"arrival_time":110,"end_time":111},"5":{"service_time":76,"arrival_time":76,"end_time":89},"8":{"service_time":141,"arrival_time":141,"end_time":147},"10":{"service_time":97,"arrival_time":97,"end_time":102},"12":{"service_time":122,"arrival_time":122,"end_time":128},"15":{"service_time":119,"arrival_time":119,"end_time":120},"ED":{"end_time":160}}}}}