{"best_objective":4686.297118055557,"instance":"T-17-21-3-1.json","voyages":{"SPOT":{"sequence":[],"time_points":{}},"PSV_2":{"sequence":[0,19,7,13],"time_points":{"0":{"service_time":75,"arrival_time":75,"end_time":87},"SD":{"end_time":63},"19":{"service_time":87,"arrival_time":87,"end_time":88},"7":{"service_time":89,"arrival_time":89,"end_time":103},"13":{"service_time":105,"arrival_time":105,"end_time":111},"ED":{"end_time":121}}},"PSV_1":{"sequence":[14,11,6,1,9,16,4],"time_points":{"16":{"service_time":136,"arrival_time":136,"end_time":137},"SD":{"end_time":63},"1":{"service_time":123,"arrival_time":121,"end_time":130},"4":{"service_time":140,"arrival_time":140,"end_time":150},"6":{"service_time":109,"arrival_time":109,"end_time":121},"9":{"service_time":130,"arrival_time":130,"end_time":136},"11":{"service_time":96,"arrival_time":96,"end_time":102},"14":{"service_time":87,"arrival_time":87,"end_time":91},"ED":{"end_time":180}}},"PSV_3":{"sequence":[8,17,12,18,2,15,10,3,20,5],"time_points":{"SD":{"end_time":63},"17":{"service_time":81,"arrival_time":81,"end_time":82},"18":{"service_time":100,"arrival_time":100,"end_time":101},"2":{"service_time":103,"arrival_time":103,"end_time":106},"3":{"service_time":117,"arrival_time":117,"end_time":125},"20":{"service_time":125,"arrival_time":125,"end_time":126},"5":{"service_time":134,"arrival_time":134,"end_time":147},"8":{"service_time":75,"arrival_time":75,"end_time":81},"10":{"service_time":112,"arrival_time":112,"end_time":117},"12":{"service_time":94,"arrival_time":94,"end_time":100},"15":{"service_time":106,"arrival_time":106,"end_time":107},"ED":{"end_time":160}}}}}