{"best_objective":4636.262534722224,"instance":"T-17-21-3-1.json","voyages":{"PSV_1":{"sequence":[8,17,11,6,1,9,16,4],"time_points":{"16":{"service_time":138,"arrival_time":138,"end_time":139},"SD":{"end_time":63},"17":{"service_time":81,"arrival_time":81,"end_time":82},"1":{"service_time":125,"arrival_time":125,"end_time":132},"4":{"service_time":142,"arrival_time":142,"end_time":152},"6":{"service_time":113,"arrival_time":113,"end_time":125},"8":{"service_time":75,"arrival_time":75,"end_time":81},"9":{"service_time":132,"arrival_time":132,"end_time":138},"11":{"service_time":100,"arrival_time":100,"end_time":106},"ED":{"end_time":182}}},"PSV_2":{"sequence":[5,14,12,18,2,15,10,3,20,7],"time_points":{"SD":{"end_time":63},"17":{"service_time":81,"arrival_time":81,"end_time":82},"18":{"service_time":122,"arrival_time":122,"end_time":123},"20":{"service_time":96,"arrival_time":96,"end_time":97},"8":{"service_time":75,"arrival_time":75,"end_time":81},"10":{"service_time":91,"arrival_time":91,"end_time":96},"12":{"service_time":116,"arrival_time":116,"end_time":122},"14":{"service_time":101,"arrival_time":101,"end_time":105},"ED":{"end_time":148}}},"SPOT":{"sequence":[],"time_points":{}},"PSV_3":{"sequence":[13,0,19],"time_points":{"0":{"service_time":80,"arrival_time":80,"end_time":92},"SD":{"end_time":63},"19":{"service_time":92,"arrival_time":92,"end_time":93},"13":{"service_time":73,"arrival_time":73,"end_time":79},"ED":{"end_time":105}}}}}