{"best_objective":8797.036006944447,"instance":"T-19-22-2-1.json","voyages":{"PSV_2":{"sequence":[8,2,18,6,12,21,9,14,5,10],"time_points":{"SD":{"end_time":63},"2":{"service_time":98,"arrival_time":98,"end_time":107},"18":{"service_time":107,"arrival_time":107,"end_time":108},"21":{"service_time":135,"arrival_time":135,"end_time":136},"5":{"service_time":150,"arrival_time":150,"end_time":157},"6":{"service_time":120,"arrival_time":120,"end_time":127},"8":{"service_time":84,"arrival_time":84,"end_time":94},"9":{"service_time":136,"arrival_time":136,"end_time":141},"10":{"service_time":171,"arrival_time":171,"end_time":178},"12":{"service_time":130,"arrival_time":130,"end_time":135},"14":{"service_time":144,"arrival_time":144,"end_time":149},"ED":{"end_time":202}}},"PSV_1":{"sequence":[4,0,20,11,3,17,1,19,7],"time_points":{"0":{"service_time":84,"arrival_time":84,"end_time":92},"SD":{"end_time":63},"17":{"service_time":129,"arrival_time":129,"end_time":130},"1":{"service_time":131,"arrival_time":131,"end_time":139},"3":{"service_time":123,"arrival_time":107,"end_time":127},"19":{"service_time":139,"arrival_time":139,"end_time":140},"4":{"service_time":73,"arrival_time":73,"end_time":82},"20":{"service_time":92,"arrival_time":92,"end_time":93},"7":{"service_time":142,"arrival_time":142,"end_time":155},"11":{"service_time":94,"arrival_time":94,"end_time":107},"ED":{"end_time":167}}},"SPOT":{"sequence":[],"time_points":{}}}}