{"best_objective":5153.680118055558,"instance":"T-21-27-3-1.json","voyages":{"PSV_2":{"sequence":[7,15,14,24,9,1,26,16,11,13,23],"time_points":{"1":{"service_time":119,"arrival_time":119,"end_time":130},"7":{"service_time":84,"arrival_time":84,"end_time":92},"9":{"service_time":103,"arrival_time":103,"end_time":111},"11":{"service_time":145,"arrival_time":145,"end_time":150},"13":{"service_time":154,"arrival_time":154,"end_time":158},"14":{"service_time":98,"arrival_time":98,"end_time":101},"15":{"service_time":92,"arrival_time":92,"end_time":98},"16":{"service_time":138,"arrival_time":138,"end_time":142},"SD":{"end_time":63},"23":{"service_time":158,"arrival_time":158,"end_time":159},"24":{"service_time":101,"arrival_time":101,"end_time":102},"26":{"service_time":130,"arrival_time":130,"end_time":131},"ED":{"end_time":185}}},"SPOT":{"sequence":[],"time_points":{}},"PSV_1":{"sequence":[19,6,2,0,10,5,8],"time_points":{"SD":{"end_time":63},"17":{"service_time":123,"arrival_time":90,"end_time":129},"3":{"service_time":75,"arrival_time":75,"end_time":87},"20":{"service_time":139,"arrival_time":139,"end_time":143},"21":{"service_time":129,"arrival_time":129,"end_time":130},"22":{"service_time":87,"arrival_time":87,"end_time":88},"6":{"service_time":133,"arrival_time":133,"end_time":139},"ED":{"end_time":155}}},"PSV_3":{"sequence":[3,22,12,4,25,18,17,21,20],"time_points":{"SD":{"end_time":63},"17":{"service_time":129,"arrival_time":129,"end_time":135},"18":{"service_time":123,"arrival_time":114,"end_time":127},"3":{"service_time":75,"arrival_time":75,"end_time":87},"4":{"service_time":103,"arrival_time":103,"end_time":112},"20":{"service_time":137,"arrival_time":137,"end_time":141},"21":{"service_time":135,"arrival_time":135,"end_time":136},"22":{"service_time":87,"arrival_time":87,"end_time":88},"25":{"service_time":112,"arrival_time":112,"end_time":113},"12":{"service_time":94,"arrival_time":94,"end_time":101},"ED":{"end_time":153}}}}}