{"best_objective":5272.334722222224,"instance":"T-23-27-3-1.json","voyages":{"PSV_1":{"sequence":[2,5,0,20,17,25,15,8,14,22,3,19,21],"time_points":{"0":{"service_time":106,"arrival_time":106,"end_time":117},"2":{"service_time":89,"arrival_time":89,"end_time":96},"3":{"service_time":156,"arrival_time":156,"end_time":165},"5":{"service_time":99,"arrival_time":99,"end_time":106},"8":{"service_time":140,"arrival_time":140,"end_time":146},"14":{"service_time":146,"arrival_time":146,"end_time":150},"15":{"service_time":130,"arrival_time":130,"end_time":133},"SD":{"end_time":63},"17":{"service_time":121,"arrival_time":121,"end_time":129},"19":{"service_time":167,"arrival_time":167,"end_time":168},"20":{"service_time":117,"arrival_time":117,"end_time":118},"21":{"service_time":177,"arrival_time":177,"end_time":178},"22":{"service_time":155,"arrival_time":155,"end_time":156},"25":{"service_time":129,"arrival_time":129,"end_time":130},"ED":{"end_time":190}}},"SPOT":{"sequence":[],"time_points":{}},"PSV_2":{"sequence":[4,23,13,11,12,24],"time_points":{"SD":{"end_time":63},"4":{"service_time":73,"arrival_time":73,"end_time":78},"23":{"service_time":78,"arrival_time":78,"end_time":79},"24":{"service_time":109,"arrival_time":109,"end_time":110},"11":{"service_time":88,"arrival_time":88,"end_time":95},"12":{"service_time":97,"arrival_time":97,"end_time":109},"13":{"service_time":81,"arrival_time":81,"end_time":86},"ED":{"end_time":122}}},"PSV_5":{"sequence":[1,26,6,7,9,16,18,10],"time_points":{"16":{"service_time":146,"arrival_time":146,"end_time":151},"SD":{"end_time":63},"1":{"service_time":93,"arrival_time":93,"end_time":101},"18":{"service_time":157,"arrival_time":157,"end_time":158},"6":{"service_time":109,"arrival_time":109,"end_time":117},"7":{"service_time":119,"arrival_time":119,"end_time":125},"9":{"service_time":125,"arrival_time":125,"end_time":141},"26":{"service_time":101,"arrival_time":101,"end_time":102},"10":{"service_time":162,"arrival_time":162,"end_time":169},"ED":{"end_time":182}}}}}