{"best_objective":4892.082430555557,"instance":"T-23-27-3-1.json","voyages":{"PSV_5":{"sequence":[16,19,3,22,8,2,18,13],"time_points":{"16":{"service_time":84,"arrival_time":84,"end_time":89},"SD":{"end_time":63},"2":{"service_time":115,"arrival_time":115,"end_time":122},"18":{"service_time":135,"arrival_time":135,"end_time":136},"19":{"service_time":90,"arrival_time":90,"end_time":91},"3":{"service_time":93,"arrival_time":93,"end_time":102},"22":{"service_time":102,"arrival_time":102,"end_time":103},"8":{"service_time":108,"arrival_time":108,"end_time":114},"13":{"service_time":137,"arrival_time":137,"end_time":142},"ED":{"end_time":154}}},"PSV_1":{"sequence":[4,23,11,21,10,5,0,17,25,15,20,14],"time_points":{"SD":{"end_time":63},"18":{"service_time":74,"arrival_time":74,"end_time":75},"21":{"service_time":78,"arrival_time":78,"end_time":79},"24":{"service_time":103,"arrival_time":103,"end_time":104},"11":{"service_time":82,"arrival_time":82,"end_time":89},"12":{"service_time":91,"arrival_time":91,"end_time":103},"ED":{"end_time":116}}},"PSV_2":{"sequence":[1,26,6,9,7,12,24],"time_points":{"SD":{"end_time":63},"1":{"service_time":93,"arrival_time":93,"end_time":101},"6":{"service_time":109,"arrival_time":109,"end_time":117},"7":{"service_time":135,"arrival_time":135,"end_time":141},"24":{"service_time":164,"arrival_time":164,"end_time":165},"9":{"service_time":119,"arrival_time":119,"end_time":135},"26":{"service_time":101,"arrival_time":101,"end_time":102},"12":{"service_time":152,"arrival_time":152,"end_time":164},"ED":{"end_time":177}}},"SPOT":{"sequence":[],"time_points":{}}}}