{"best_objective":6623.340506944446,"instance":"T-25-31-4-1.json","voyages":{"PSV_4":{"sequence":[1,14,30,13],"time_points":{"SD":{"end_time":63},"1":{"service_time":76,"arrival_time":76,"end_time":89},"13":{"service_time":103,"arrival_time":103,"end_time":111},"14":{"service_time":90,"arrival_time":90,"end_time":101},"30":{"service_time":101,"arrival_time":101,"end_time":102},"ED":{"end_time":121}}},"PSV_3":{"sequence":[23,0,8,15,20,9],"time_points":{"0":{"service_time":92,"arrival_time":92,"end_time":98},"SD":{"end_time":63},"20":{"service_time":119,"arrival_time":119,"end_time":125},"23":{"service_time":84,"arrival_time":84,"end_time":90},"8":{"service_time":98,"arrival_time":98,"end_time":111},"9":{"service_time":131,"arrival_time":131,"end_time":141},"15":{"service_time":115,"arrival_time":115,"end_time":119},"ED":{"end_time":155}}},"SPOT":{"sequence":[],"time_points":{}},"PSV_2":{"sequence":[12,22,29,18,10,27,24,21,3,19,17],"time_points":{"16":{"service_time":95,"arrival_time":95,"end_time":103},"SD":{"end_time":63},"17":{"service_time":122,"arrival_time":122,"end_time":128},"2":{"service_time":75,"arrival_time":75,"end_time":84},"19":{"service_time":129,"arrival_time":129,"end_time":133},"4":{"service_time":106,"arrival_time":106,"end_time":111},"28":{"service_time":103,"arrival_time":103,"end_time":104},"ED":{"end_time":160}}},"PSV_1":{"sequence":[2,5,11,25,16,28,6,4,7,26],"time_points":{"16":{"service_time":130,"arrival_time":130,"end_time":138},"SD":{"end_time":63},"2":{"service_time":75,"arrival_time":75,"end_time":84},"4":{"service_time":145,"arrival_time":145,"end_time":150},"5":{"service_time":102,"arrival_time":102,"end_time":111},"6":{"service_time":139,"arrival_time":139,"end_time":143},"7":{"service_time":160,"arrival_time":160,"end_time":171},"25":{"service_time":127,"arrival_time":127,"end_time":128},"26":{"service_time":171,"arrival_time":171,"end_time":172},"11":{"service_time":118,"arrival_time":118,"end_time":127},"28":{"service_time":138,"arrival_time":138,"end_time":139},"ED":{"end_time":185}}}}}