{"best_objective":6905.179871527779,"instance":"T-25-31-4-1.json","voyages":{"PSV_3":{"sequence":[12,22,29,18,10,27,21,3,19,17],"time_points":{"SD":{"end_time":63},"17":{"service_time":150,"arrival_time":150,"end_time":156},"18":{"service_time":106,"arrival_time":106,"end_time":112},"3":{"service_time":139,"arrival_time":139,"end_time":145},"19":{"service_time":145,"arrival_time":145,"end_time":149},"21":{"service_time":128,"arrival_time":128,"end_time":132},"22":{"service_time":102,"arrival_time":102,"end_time":105},"10":{"service_time":115,"arrival_time":115,"end_time":127},"27":{"service_time":127,"arrival_time":127,"end_time":128},"12":{"service_time":92,"arrival_time":92,"end_time":102},"29":{"service_time":105,"arrival_time":105,"end_time":106},"ED":{"end_time":182}}},"PSV_2":{"sequence":[13,14,30,1],"time_points":{"SD":{"end_time":63},"1":{"service_time":95,"arrival_time":95,"end_time":108},"13":{"service_time":73,"arrival_time":73,"end_time":81},"14":{"service_time":82,"arrival_time":82,"end_time":93},"30":{"service_time":93,"arrival_time":93,"end_time":94},"ED":{"end_time":121}}},"PSV_4":{"sequence":[8,0,23,15,9,7,26],"time_points":{"0":{"service_time":100,"arrival_time":100,"end_time":106},"SD":{"end_time":63},"23":{"service_time":108,"arrival_time":108,"end_time":114},"7":{"service_time":136,"arrival_time":136,"end_time":147},"8":{"service_time":87,"arrival_time":87,"end_time":100},"9":{"service_time":125,"arrival_time":125,"end_time":135},"26":{"service_time":147,"arrival_time":147,"end_time":148},"15":{"service_time":115,"arrival_time":115,"end_time":119},"ED":{"end_time":161}}},"SPOT":{"sequence":[],"time_points":{}},"PSV_1":{"sequence":[2,5,11,25,6,16,28,4,20,24],"time_points":{"16":{"service_time":134,"arrival_time":134,"end_time":142},"SD":{"end_time":63},"2":{"service_time":75,"arrival_time":75,"end_time":84},"4":{"service_time":145,"arrival_time":145,"end_time":150},"20":{"service_time":152,"arrival_time":152,"end_time":158},"5":{"service_time":102,"arrival_time":102,"end_time":111},"6":{"service_time":130,"arrival_time":130,"end_time":134},"24":{"service_time":166,"arrival_time":166,"end_time":170},"25":{"service_time":127,"arrival_time":127,"end_time":128},"11":{"service_time":118,"arrival_time":118,"end_time":127},"28":{"service_time":142,"arrival_time":142,"end_time":143},"ED":{"end_time":183}}}}}