{"best_objective":6961.519409722225,"instance":"T-25-31-4-1.json","voyages":{"PSV_2":{"sequence":[14,30,1,13],"time_points":{"SD":{"end_time":63},"1":{"service_time":88,"arrival_time":88,"end_time":101},"13":{"service_time":103,"arrival_time":103,"end_time":111},"14":{"service_time":75,"arrival_time":75,"end_time":86},"30":{"service_time":86,"arrival_time":86,"end_time":87},"ED":{"end_time":121}}},"SPOT":{"sequence":[],"time_points":{}},"PSV_4":{"sequence":[2,7,26,0,8,23,15,24],"time_points":{"0":{"service_time":109,"arrival_time":109,"end_time":115},"SD":{"end_time":63},"2":{"service_time":75,"arrival_time":75,"end_time":84},"7":{"service_time":86,"arrival_time":86,"end_time":97},"23":{"service_time":130,"arrival_time":130,"end_time":136},"8":{"service_time":115,"arrival_time":115,"end_time":128},"24":{"service_time":149,"arrival_time":149,"end_time":153},"26":{"service_time":97,"arrival_time":97,"end_time":98},"15":{"service_time":137,"arrival_time":137,"end_time":141},"ED":{"end_time":166}}},"PSV_1":{"sequence":[17,3,19,18,10,27,21,22,29,12],"time_points":{"SD":{"end_time":63},"17":{"service_time":89,"arrival_time":89,"end_time":95},"18":{"service_time":109,"arrival_time":109,"end_time":115},"3":{"service_time":96,"arrival_time":96,"end_time":102},"19":{"service_time":102,"arrival_time":102,"end_time":106},"21":{"service_time":131,"arrival_time":131,"end_time":135},"22":{"service_time":138,"arrival_time":138,"end_time":141},"10":{"service_time":118,"arrival_time":118,"end_time":130},"27":{"service_time":130,"arrival_time":130,"end_time":131},"12":{"service_time":142,"arrival_time":142,"end_time":152},"29":{"service_time":141,"arrival_time":141,"end_time":142},"ED":{"end_time":181}}},"PSV_3":{"sequence":[5,11,25,6,16,28,4,20,9],"time_points":{"16":{"service_time":125,"arrival_time":125,"end_time":133},"SD":{"end_time":63},"4":{"service_time":136,"arrival_time":136,"end_time":141},"20":{"service_time":143,"arrival_time":143,"end_time":149},"5":{"service_time":93,"arrival_time":93,"end_time":102},"6":{"service_time":121,"arrival_time":121,"end_time":125},"25":{"service_time":118,"arrival_time":118,"end_time":119},"9":{"service_time":155,"arrival_time":155,"end_time":165},"11":{"service_time":109,"arrival_time":109,"end_time":118},"28":{"service_time":133,"arrival_time":133,"end_time":134},"ED":{"end_time":179}}}}}