{"best_objective":7283.298354166669,"instance":"T-27-34-5-1.json","voyages":{"PSV_2":{"sequence":[],"time_points":{}},"PSV_4":{"sequence":[24,20,6,31,8,11,3],"time_points":{"SD":{"end_time":63},"3":{"service_time":125,"arrival_time":125,"end_time":133},"20":{"service_time":85,"arrival_time":85,"end_time":90},"6":{"service_time":92,"arrival_time":92,"end_time":100},"24":{"service_time":75,"arrival_time":75,"end_time":83},"8":{"service_time":101,"arrival_time":101,"end_time":111},"11":{"service_time":112,"arrival_time":112,"end_time":124},"31":{"service_time":100,"arrival_time":100,"end_time":101},"ED":{"end_time":146}}},"PSV_5":{"sequence":[15,25,17,0,22,13,16,28],"time_points":{"0":{"service_time":120,"arrival_time":120,"end_time":128},"16":{"service_time":150,"arrival_time":150,"end_time":161},"SD":{"end_time":63},"17":{"service_time":115,"arrival_time":115,"end_time":120},"22":{"service_time":130,"arrival_time":130,"end_time":132},"25":{"service_time":109,"arrival_time":109,"end_time":113},"28":{"service_time":161,"arrival_time":161,"end_time":162},"13":{"service_time":134,"arrival_time":134,"end_time":144},"15":{"service_time":93,"arrival_time":93,"end_time":102},"ED":{"end_time":176}}},"PSV_3":{"sequence":[1,32,14,18,33,10,9,5],"time_points":{"32":{"service_time":91,"arrival_time":91,"end_time":92},"SD":{"end_time":63},"1":{"service_time":84,"arrival_time":84,"end_time":91},"33":{"service_time":114,"arrival_time":114,"end_time":115},"18":{"service_time":109,"arrival_time":109,"end_time":114},"5":{"service_time":137,"arrival_time":137,"end_time":143},"9":{"service_time":125,"arrival_time":125,"end_time":137},"10":{"service_time":115,"arrival_time":115,"end_time":120},"14":{"service_time":93,"arrival_time":93,"end_time":107},"ED":{"end_time":170}}},"SPOT":{"sequence":[],"time_points":{}},"PSV_1":{"sequence":[23,2,26,21,29,7,12,4,27,19,30],"time_points":{"2":{"service_time":100,"arrival_time":100,"end_time":111},"4":{"service_time":146,"arrival_time":146,"end_time":156},"7":{"service_time":123,"arrival_time":123,"end_time":132},"12":{"service_time":132,"arrival_time":132,"end_time":138},"SD":{"end_time":63},"19":{"service_time":172,"arrival_time":172,"end_time":175},"21":{"service_time":116,"arrival_time":116,"end_time":122},"23":{"service_time":92,"arrival_time":92,"end_time":100},"26":{"service_time":111,"arrival_time":111,"end_time":112},"27":{"service_time":156,"arrival_time":156,"end_time":157},"29":{"service_time":122,"arrival_time":122,"end_time":123},"30":{"service_time":175,"arrival_time":175,"end_time":176},"ED":{"end_time":186}}}}}