{"best_objective":4264.027500000001,"instance":"T-15-17-2-1.json","voyages":{"SPOT":{"sequence":[],"time_points":{}},"PSV_1":{"sequence":[11,1,13,6,3,10,14,4,7,15],"time_points":{"SD":{"end_time":63},"1":{"service_time":101,"arrival_time":101,"end_time":107},"3":{"service_time":128,"arrival_time":128,"end_time":142},"4":{"service_time":156,"arrival_time":156,"end_time":162},"6":{"service_time":117,"arrival_time":117,"end_time":121},"7":{"service_time":166,"arrival_time":166,"end_time":174},"10":{"service_time":142,"arrival_time":142,"end_time":148},"11":{"service_time":75,"arrival_time":75,"end_time":83},"13":{"service_time":114,"arrival_time":114,"end_time":115},"14":{"service_time":148,"arrival_time":148,"end_time":149},"15":{"service_time":174,"arrival_time":174,"end_time":175},"ED":{"end_time":188}}},"PSV_2":{"sequence":[0,5,16,9,2,12,8],"time_points":{"0":{"service_time":73,"arrival_time":73,"end_time":85},"16":{"service_time":108,"arrival_time":108,"end_time":109},"SD":{"end_time":63},"2":{"service_time":131,"arrival_time":131,"end_time":138},"5":{"service_time":102,"arrival_time":102,"end_time":108},"8":{"service_time":160,"arrival_time":160,"end_time":173},"9":{"service_time":116,"arrival_time":116,"end_time":126},"12":{"service_time":141,"arrival_time":141,"end_time":145},"ED":{"end_time":185}}}}}