{"best_objective":8709.127291666668,"instance":"T-19-22-2-1.json","voyages":{"PSV_1":{"sequence":[4,0,20,7,1,19,17,3,11],"time_points":{"0":{"service_time":84,"arrival_time":84,"end_time":92},"SD":{"end_time":63},"1":{"service_time":115,"arrival_time":115,"end_time":123},"17":{"service_time":125,"arrival_time":125,"end_time":126},"19":{"service_time":123,"arrival_time":123,"end_time":124},"3":{"service_time":128,"arrival_time":128,"end_time":132},"4":{"service_time":73,"arrival_time":73,"end_time":82},"20":{"service_time":92,"arrival_time":92,"end_time":93},"7":{"service_time":100,"arrival_time":100,"end_time":113},"11":{"service_time":132,"arrival_time":132,"end_time":145},"ED":{"end_time":157}}},"SPOT":{"sequence":[],"time_points":{}},"PSV_2":{"sequence":[10,8,2,18,14,5,9,6,12,21],"time_points":{"SD":{"end_time":63},"2":{"service_time":113,"arrival_time":113,"end_time":122},"18":{"service_time":122,"arrival_time":122,"end_time":123},"5":{"service_time":134,"arrival_time":134,"end_time":141},"21":{"service_time":168,"arrival_time":168,"end_time":169},"6":{"service_time":153,"arrival_time":153,"end_time":160},"8":{"service_time":99,"arrival_time":99,"end_time":109},"9":{"service_time":145,"arrival_time":145,"end_time":150},"10":{"service_time":87,"arrival_time":87,"end_time":94},"12":{"service_time":163,"arrival_time":163,"end_time":168},"14":{"service_time":128,"arrival_time":128,"end_time":133},"ED":{"end_time":199}}}}}