{"best_objective":5382.976861111112,"instance":"T-21-27-3-1.json","voyages":{"PSV_3":{"sequence":[8,5,10,14,24,7,15,17,21,18,6],"time_points":{"5":{"service_time":107,"arrival_time":107,"end_time":116},"6":{"service_time":163,"arrival_time":163,"end_time":169},"7":{"service_time":130,"arrival_time":130,"end_time":138},"8":{"service_time":93,"arrival_time":93,"end_time":98},"10":{"service_time":118,"arrival_time":118,"end_time":124},"14":{"service_time":126,"arrival_time":126,"end_time":129},"15":{"service_time":138,"arrival_time":138,"end_time":144},"SD":{"end_time":63},"17":{"service_time":150,"arrival_time":150,"end_time":156},"18":{"service_time":159,"arrival_time":159,"end_time":163},"21":{"service_time":156,"arrival_time":156,"end_time":157},"24":{"service_time":129,"arrival_time":129,"end_time":130},"ED":{"end_time":181}}},"PSV_2":{"sequence":[12,4,25,20,3,22],"time_points":{"SD":{"end_time":63},"3":{"service_time":103,"arrival_time":103,"end_time":115},"4":{"service_time":82,"arrival_time":82,"end_time":91},"20":{"service_time":94,"arrival_time":94,"end_time":98},"22":{"service_time":115,"arrival_time":115,"end_time":116},"25":{"service_time":91,"arrival_time":91,"end_time":92},"12":{"service_time":73,"arrival_time":73,"end_time":80},"ED":{"end_time":128}}},"SPOT":{"sequence":[],"time_points":{}},"PSV_1":{"sequence":[9,0,2,1,26,16,11,19,13,23],"time_points":{"0":{"service_time":94,"arrival_time":94,"end_time":106},"16":{"service_time":136,"arrival_time":136,"end_time":140},"SD":{"end_time":63},"1":{"service_time":117,"arrival_time":117,"end_time":128},"2":{"service_time":106,"arrival_time":106,"end_time":112},"19":{"service_time":148,"arrival_time":148,"end_time":154},"23":{"service_time":162,"arrival_time":162,"end_time":163},"9":{"service_time":84,"arrival_time":84,"end_time":92},"26":{"service_time":128,"arrival_time":128,"end_time":129},"11":{"service_time":143,"arrival_time":143,"end_time":148},"13":{"service_time":158,"arrival_time":158,"end_time":162},"ED":{"end_time":189}}}}}