{"best_objective":5205.8990625000015,"instance":"T-23-27-3-1.json","voyages":{"PSV_2":{"sequence":[12,24,11,13,21,4,23],"time_points":{"SD":{"end_time":63},"4":{"service_time":106,"arrival_time":106,"end_time":111},"21":{"service_time":104,"arrival_time":104,"end_time":105},"23":{"service_time":111,"arrival_time":111,"end_time":112},"24":{"service_time":87,"arrival_time":87,"end_time":88},"11":{"service_time":90,"arrival_time":90,"end_time":97},"12":{"service_time":75,"arrival_time":75,"end_time":87},"13":{"service_time":99,"arrival_time":99,"end_time":104},"ED":{"end_time":122}}},"SPOT":{"sequence":[],"time_points":{}},"PSV_1":{"sequence":[2,5,0,17,25,15,20,14,8,3,22,19],"time_points":{"0":{"service_time":106,"arrival_time":106,"end_time":117},"2":{"service_time":89,"arrival_time":89,"end_time":96},"3":{"service_time":154,"arrival_time":154,"end_time":163},"5":{"service_time":99,"arrival_time":99,"end_time":106},"8":{"service_time":143,"arrival_time":143,"end_time":149},"14":{"service_time":139,"arrival_time":139,"end_time":143},"15":{"service_time":129,"arrival_time":129,"end_time":132},"SD":{"end_time":63},"17":{"service_time":120,"arrival_time":120,"end_time":128},"19":{"service_time":166,"arrival_time":166,"end_time":167},"20":{"service_time":135,"arrival_time":135,"end_time":136},"22":{"service_time":163,"arrival_time":163,"end_time":164},"25":{"service_time":128,"arrival_time":128,"end_time":129},"ED":{"end_time":188}}},"PSV_5":{"sequence":[1,26,6,7,9,16,18,10],"time_points":{"16":{"service_time":146,"arrival_time":146,"end_time":151},"SD":{"end_time":63},"1":{"service_time":93,"arrival_time":93,"end_time":101},"18":{"service_time":157,"arrival_time":157,"end_time":158},"6":{"service_time":109,"arrival_time":109,"end_time":117},"7":{"service_time":119,"arrival_time":119,"end_time":125},"9":{"service_time":125,"arrival_time":125,"end_time":141},"26":{"service_time":101,"arrival_time":101,"end_time":102},"10":{"service_time":162,"arrival_time":162,"end_time":169},"ED":{"end_time":182}}}}}