{"best_objective":6829.750413194446,"instance":"T-25-31-4-1.json","voyages":{"PSV_4":{"sequence":[7,26,8,0,23,15,9,24],"time_points":{"0":{"service_time":112,"arrival_time":112,"end_time":118},"SD":{"end_time":63},"7":{"service_time":76,"arrival_time":76,"end_time":87},"23":{"service_time":120,"arrival_time":120,"end_time":126},"8":{"service_time":99,"arrival_time":99,"end_time":112},"24":{"service_time":149,"arrival_time":149,"end_time":153},"9":{"service_time":137,"arrival_time":137,"end_time":147},"26":{"service_time":87,"arrival_time":87,"end_time":88},"15":{"service_time":127,"arrival_time":127,"end_time":131},"ED":{"end_time":166}}},"PSV_1":{"sequence":[20,4,16,28,6,11,25,5,2],"time_points":{"16":{"service_time":99,"arrival_time":99,"end_time":107},"SD":{"end_time":63},"2":{"service_time":158,"arrival_time":158,"end_time":167},"20":{"service_time":84,"arrival_time":84,"end_time":90},"4":{"service_time":92,"arrival_time":92,"end_time":97},"5":{"service_time":131,"arrival_time":131,"end_time":140},"6":{"service_time":108,"arrival_time":108,"end_time":112},"25":{"service_time":123,"arrival_time":123,"end_time":124},"11":{"service_time":114,"arrival_time":114,"end_time":123},"28":{"service_time":107,"arrival_time":107,"end_time":108},"ED":{"end_time":179}}},"PSV_2":{"sequence":[14,30,1,13],"time_points":{"SD":{"end_time":63},"1":{"service_time":88,"arrival_time":88,"end_time":101},"13":{"service_time":103,"arrival_time":103,"end_time":111},"14":{"service_time":75,"arrival_time":75,"end_time":86},"30":{"service_time":86,"arrival_time":86,"end_time":87},"ED":{"end_time":121}}},"SPOT":{"sequence":[],"time_points":{}},"PSV_3":{"sequence":[12,22,29,10,27,21,18,3,19,17],"time_points":{"SD":{"end_time":63},"17":{"service_time":150,"arrival_time":150,"end_time":156},"18":{"service_time":130,"arrival_time":130,"end_time":136},"3":{"service_time":139,"arrival_time":139,"end_time":145},"19":{"service_time":145,"arrival_time":145,"end_time":149},"21":{"service_time":123,"arrival_time":123,"end_time":127},"22":{"service_time":102,"arrival_time":102,"end_time":105},"10":{"service_time":110,"arrival_time":110,"end_time":122},"27":{"service_time":122,"arrival_time":122,"end_time":123},"12":{"service_time":92,"arrival_time":92,"end_time":102},"29":{"service_time":105,"arrival_time":105,"end_time":106},"ED":{"end_time":182}}}}}