{"best_objective":6692.116895833335,"instance":"T-25-31-4-1.json","voyages":{"PSV_4":{"sequence":[2,5,11,25,16,28,6,4,24],"time_points":{"16":{"service_time":130,"arrival_time":130,"end_time":138},"SD":{"end_time":63},"2":{"service_time":75,"arrival_time":75,"end_time":84},"4":{"service_time":145,"arrival_time":145,"end_time":150},"5":{"service_time":102,"arrival_time":102,"end_time":111},"6":{"service_time":139,"arrival_time":139,"end_time":143},"24":{"service_time":161,"arrival_time":161,"end_time":165},"25":{"service_time":127,"arrival_time":127,"end_time":128},"11":{"service_time":118,"arrival_time":118,"end_time":127},"28":{"service_time":138,"arrival_time":138,"end_time":139},"ED":{"end_time":178}}},"PSV_1":{"sequence":[0,22,29,17,18,10,27,21,12],"time_points":{"0":{"service_time":87,"arrival_time":87,"end_time":93},"SD":{"end_time":63},"8":{"service_time":93,"arrival_time":93,"end_time":106},"24":{"service_time":123,"arrival_time":113,"end_time":127},"30":{"service_time":75,"arrival_time":75,"end_time":76},"ED":{"end_time":140}}},"PSV_3":{"sequence":[15,20,23,8,19,3],"time_points":{"SD":{"end_time":63},"19":{"service_time":121,"arrival_time":121,"end_time":125},"3":{"service_time":125,"arrival_time":125,"end_time":131},"20":{"service_time":88,"arrival_time":88,"end_time":94},"23":{"service_time":95,"arrival_time":95,"end_time":101},"8":{"service_time":103,"arrival_time":103,"end_time":116},"15":{"service_time":84,"arrival_time":84,"end_time":88},"ED":{"end_time":158}}},"PSV_2":{"sequence":[13,1,14,30,7,26,9],"time_points":{"SD":{"end_time":63},"1":{"service_time":83,"arrival_time":83,"end_time":96},"7":{"service_time":112,"arrival_time":112,"end_time":123},"9":{"service_time":125,"arrival_time":125,"end_time":135},"26":{"service_time":123,"arrival_time":123,"end_time":124},"13":{"service_time":73,"arrival_time":73,"end_time":81},"14":{"service_time":97,"arrival_time":97,"end_time":108},"30":{"service_time":108,"arrival_time":108,"end_time":109},"ED":{"end_time":149}}},"SPOT":{"sequence":[],"time_points":{}}}}