{"best_objective":7290.395770833335,"instance":"T-27-34-5-1.json","voyages":{"SPOT":{"sequence":[],"time_points":{}},"PSV_2":{"sequence":[],"time_points":{}},"PSV_1":{"sequence":[24,20,6,31,8,11,19,30],"time_points":{"SD":{"end_time":63},"19":{"service_time":126,"arrival_time":126,"end_time":129},"20":{"service_time":85,"arrival_time":85,"end_time":90},"6":{"service_time":92,"arrival_time":92,"end_time":100},"24":{"service_time":75,"arrival_time":75,"end_time":83},"8":{"service_time":101,"arrival_time":101,"end_time":111},"11":{"service_time":112,"arrival_time":112,"end_time":124},"30":{"service_time":129,"arrival_time":129,"end_time":130},"31":{"service_time":100,"arrival_time":100,"end_time":101},"ED":{"end_time":140}}},"PSV_5":{"sequence":[15,25,0,17,22,13,1,32,3],"time_points":{"0":{"service_time":115,"arrival_time":115,"end_time":123},"32":{"service_time":151,"arrival_time":151,"end_time":152},"SD":{"end_time":63},"17":{"service_time":123,"arrival_time":123,"end_time":128},"1":{"service_time":144,"arrival_time":144,"end_time":151},"3":{"service_time":160,"arrival_time":160,"end_time":168},"22":{"service_time":130,"arrival_time":130,"end_time":132},"25":{"service_time":109,"arrival_time":109,"end_time":113},"13":{"service_time":134,"arrival_time":134,"end_time":144},"15":{"service_time":93,"arrival_time":93,"end_time":102},"ED":{"end_time":181}}},"PSV_4":{"sequence":[9,2,23,26,21,29,7,12],"time_points":{"SD":{"end_time":63},"2":{"service_time":105,"arrival_time":105,"end_time":116},"21":{"service_time":128,"arrival_time":128,"end_time":134},"23":{"service_time":116,"arrival_time":116,"end_time":124},"7":{"service_time":135,"arrival_time":135,"end_time":144},"9":{"service_time":90,"arrival_time":90,"end_time":102},"26":{"service_time":124,"arrival_time":124,"end_time":125},"12":{"service_time":144,"arrival_time":144,"end_time":150},"29":{"service_time":134,"arrival_time":134,"end_time":135},"ED":{"end_time":184}}},"PSV_3":{"sequence":[4,27,5,18,33,10,14,16,28],"time_points":{"16":{"service_time":146,"arrival_time":146,"end_time":157},"SD":{"end_time":63},"33":{"service_time":117,"arrival_time":117,"end_time":118},"18":{"service_time":112,"arrival_time":112,"end_time":117},"4":{"service_time":89,"arrival_time":89,"end_time":99},"5":{"service_time":101,"arrival_time":101,"end_time":107},"10":{"service_time":118,"arrival_time":118,"end_time":123},"27":{"service_time":99,"arrival_time":99,"end_time":100},"28":{"service_time":157,"arrival_time":157,"end_time":158},"14":{"service_time":125,"arrival_time":125,"end_time":139},"ED":{"end_time":172}}}}}