{"best_objective":3144.5240625000006,"instance":"T-9-9-1-1.json","voyages":{"SPOT":{"sequence":[],"time_points":{}},"PSV_1":{"sequence":[4,7,1,3,6,8,0,2],"time_points":{"0":{"service_time":149,"arrival_time":149,"end_time":156},"SD":{"end_time":63},"1":{"service_time":114,"arrival_time":114,"end_time":124},"2":{"service_time":175,"arrival_time":175,"end_time":181},"3":{"service_time":125,"arrival_time":125,"end_time":139},"4":{"service_time":75,"arrival_time":75,"end_time":84},"6":{"service_time":142,"arrival_time":142,"end_time":148},"7":{"service_time":95,"arrival_time":95,"end_time":96},"8":{"service_time":148,"arrival_time":148,"end_time":149},"ED":{"end_time":191}}}}}