{"best_objective":4301.562222222223,"instance":"T-15-17-2-1.json","voyages":{"PSV_1":{"sequence":[11,1,13,6,12,5,16,9,2,7,15],"time_points":{"1":{"service_time":101,"arrival_time":101,"end_time":107},"2":{"service_time":168,"arrival_time":168,"end_time":175},"5":{"service_time":139,"arrival_time":139,"end_time":145},"6":{"service_time":117,"arrival_time":117,"end_time":121},"7":{"service_time":191,"arrival_time":191,"end_time":199},"9":{"service_time":153,"arrival_time":153,"end_time":163},"11":{"service_time":75,"arrival_time":75,"end_time":83},"12":{"service_time":135,"arrival_time":135,"end_time":139},"13":{"service_time":114,"arrival_time":114,"end_time":115},"15":{"service_time":199,"arrival_time":199,"end_time":200},"16":{"service_time":145,"arrival_time":145,"end_time":146},"SD":{"end_time":63},"ED":{"end_time":213}}},"PSV_2":{"sequence":[8,3,10,14,4,0],"time_points":{"0":{"service_time":135,"arrival_time":135,"end_time":147},"SD":{"end_time":63},"3":{"service_time":97,"arrival_time":97,"end_time":111},"4":{"service_time":125,"arrival_time":125,"end_time":131},"8":{"service_time":75,"arrival_time":75,"end_time":88},"10":{"service_time":111,"arrival_time":111,"end_time":117},"14":{"service_time":117,"arrival_time":117,"end_time":118},"ED":{"end_time":157}}},"SPOT":{"sequence":[],"time_points":{}}}}