{"best_objective":5379.223229166668,"instance":"T-21-27-3-1.json","voyages":{"SPOT":{"sequence":[],"time_points":{}},"PSV_2":{"sequence":[20,2,0,1,26,11,16,19,13,23],"time_points":{"0":{"service_time":96,"arrival_time":96,"end_time":108},"16":{"service_time":136,"arrival_time":136,"end_time":140},"SD":{"end_time":63},"1":{"service_time":113,"arrival_time":113,"end_time":124},"2":{"service_time":90,"arrival_time":90,"end_time":96},"19":{"service_time":143,"arrival_time":143,"end_time":149},"20":{"service_time":75,"arrival_time":75,"end_time":79},"23":{"service_time":157,"arrival_time":157,"end_time":158},"26":{"service_time":124,"arrival_time":124,"end_time":125},"11":{"service_time":128,"arrival_time":128,"end_time":133},"13":{"service_time":153,"arrival_time":153,"end_time":157},"ED":{"end_time":184}}},"PSV_1":{"sequence":[8,5,10,14,24,7,15,9,17,21,18],"time_points":{"5":{"service_time":107,"arrival_time":107,"end_time":116},"7":{"service_time":130,"arrival_time":130,"end_time":138},"8":{"service_time":93,"arrival_time":93,"end_time":98},"9":{"service_time":145,"arrival_time":145,"end_time":153},"10":{"service_time":118,"arrival_time":118,"end_time":124},"14":{"service_time":126,"arrival_time":126,"end_time":129},"15":{"service_time":138,"arrival_time":138,"end_time":144},"SD":{"end_time":63},"17":{"service_time":158,"arrival_time":158,"end_time":164},"18":{"service_time":167,"arrival_time":167,"end_time":171},"21":{"service_time":164,"arrival_time":164,"end_time":165},"24":{"service_time":129,"arrival_time":129,"end_time":130},"ED":{"end_time":184}}},"PSV_3":{"sequence":[12,4,25,6,3,22],"time_points":{"SD":{"end_time":63},"3":{"service_time":104,"arrival_time":104,"end_time":116},"4":{"service_time":82,"arrival_time":82,"end_time":91},"6":{"service_time":93,"arrival_time":93,"end_time":99},"22":{"service_time":116,"arrival_time":116,"end_time":117},"25":{"service_time":91,"arrival_time":91,"end_time":92},"12":{"service_time":73,"arrival_time":73,"end_time":80},"ED":{"end_time":129}}}}}