{"best_objective":7100.85309027778,"instance":"T-27-34-5-1.json","voyages":{"PSV_3":{"sequence":[2,5,10,18,33,1,32,0,20],"time_points":{"32":{"service_time":140,"arrival_time":140,"end_time":141},"0":{"service_time":146,"arrival_time":146,"end_time":154},"SD":{"end_time":63},"33":{"service_time":128,"arrival_time":128,"end_time":129},"1":{"service_time":133,"arrival_time":133,"end_time":140},"2":{"service_time":93,"arrival_time":93,"end_time":104},"18":{"service_time":123,"arrival_time":123,"end_time":128},"20":{"service_time":165,"arrival_time":165,"end_time":170},"5":{"service_time":107,"arrival_time":107,"end_time":113},"10":{"service_time":118,"arrival_time":118,"end_time":123},"ED":{"end_time":183}}},"PSV_1":{"sequence":[9,23,21,29,7,12,26,4,27],"time_points":{"SD":{"end_time":63},"4":{"service_time":147,"arrival_time":147,"end_time":157},"21":{"service_time":117,"arrival_time":117,"end_time":123},"23":{"service_time":105,"arrival_time":105,"end_time":113},"7":{"service_time":124,"arrival_time":124,"end_time":133},"9":{"service_time":90,"arrival_time":90,"end_time":102},"26":{"service_time":142,"arrival_time":142,"end_time":143},"27":{"service_time":157,"arrival_time":157,"end_time":158},"12":{"service_time":133,"arrival_time":133,"end_time":139},"29":{"service_time":123,"arrival_time":123,"end_time":124},"ED":{"end_time":184}}},"SPOT":{"sequence":[],"time_points":{}},"PSV_5":{"sequence":[8,11,19,30,6,31,16,28,24],"time_points":{"16":{"service_time":123,"arrival_time":116,"end_time":134},"SD":{"end_time":63},"19":{"service_time":100,"arrival_time":100,"end_time":103},"6":{"service_time":106,"arrival_time":106,"end_time":114},"8":{"service_time":75,"arrival_time":75,"end_time":85},"24":{"service_time":138,"arrival_time":138,"end_time":146},"11":{"service_time":86,"arrival_time":86,"end_time":98},"28":{"service_time":134,"arrival_time":134,"end_time":135},"30":{"service_time":103,"arrival_time":103,"end_time":104},"31":{"service_time":114,"arrival_time":114,"end_time":115},"ED":{"end_time":158}}},"PSV_2":{"sequence":[17,15,25,22,13,14,3],"time_points":{"16":{"service_time":123,"arrival_time":101,"end_time":134},"SD":{"end_time":63},"20":{"service_time":76,"arrival_time":76,"end_time":81},"11":{"service_time":86,"arrival_time":86,"end_time":98},"28":{"service_time":134,"arrival_time":134,"end_time":135},"ED":{"end_time":149}}},"PSV_4":{"sequence":[],"time_points":{}}}}