{"best_objective":4280.022083333335,"instance":"T-15-17-2-1.json","voyages":{"PSV_2":{"sequence":[11,13,1,6,7,15,8,0],"time_points":{"0":{"service_time":160,"arrival_time":160,"end_time":172},"SD":{"end_time":63},"1":{"service_time":103,"arrival_time":103,"end_time":109},"6":{"service_time":118,"arrival_time":118,"end_time":122},"7":{"service_time":136,"arrival_time":136,"end_time":144},"8":{"service_time":146,"arrival_time":146,"end_time":159},"11":{"service_time":75,"arrival_time":75,"end_time":83},"13":{"service_time":95,"arrival_time":95,"end_time":96},"15":{"service_time":144,"arrival_time":144,"end_time":145},"ED":{"end_time":182}}},"PSV_1":{"sequence":[2,9,5,16,12,3,10,14,4],"time_points":{"16":{"service_time":126,"arrival_time":126,"end_time":127},"SD":{"end_time":63},"2":{"service_time":92,"arrival_time":92,"end_time":99},"3":{"service_time":139,"arrival_time":139,"end_time":153},"4":{"service_time":165,"arrival_time":165,"end_time":171},"5":{"service_time":120,"arrival_time":120,"end_time":126},"9":{"service_time":103,"arrival_time":103,"end_time":113},"10":{"service_time":153,"arrival_time":153,"end_time":159},"12":{"service_time":127,"arrival_time":127,"end_time":131},"14":{"service_time":159,"arrival_time":159,"end_time":160},"ED":{"end_time":185}}},"SPOT":{"sequence":[],"time_points":{}}}}