{"best_objective":4728.19545138889,"instance":"T-17-21-3-1.json","voyages":{"SPOT":{"sequence":[],"time_points":{}},"PSV_2":{"sequence":[13,0,19],"time_points":{"0":{"service_time":80,"arrival_time":80,"end_time":92},"SD":{"end_time":63},"19":{"service_time":92,"arrival_time":92,"end_time":93},"13":{"service_time":73,"arrival_time":73,"end_time":79},"ED":{"end_time":105}}},"PSV_3":{"sequence":[7,10,3,20,2,15,12,18,5],"time_points":{"SD":{"end_time":63},"2":{"service_time":118,"arrival_time":118,"end_time":121},"18":{"service_time":130,"arrival_time":130,"end_time":131},"3":{"service_time":104,"arrival_time":104,"end_time":112},"20":{"service_time":112,"arrival_time":112,"end_time":113},"5":{"service_time":143,"arrival_time":143,"end_time":156},"7":{"service_time":76,"arrival_time":76,"end_time":90},"10":{"service_time":99,"arrival_time":99,"end_time":104},"12":{"service_time":124,"arrival_time":124,"end_time":130},"15":{"service_time":121,"arrival_time":121,"end_time":122},"ED":{"end_time":169}}},"PSV_1":{"sequence":[8,17,14,11,6,1,9,16,4],"time_points":{"16":{"service_time":142,"arrival_time":142,"end_time":143},"SD":{"end_time":63},"17":{"service_time":81,"arrival_time":81,"end_time":82},"1":{"service_time":129,"arrival_time":129,"end_time":136},"4":{"service_time":146,"arrival_time":146,"end_time":156},"6":{"service_time":117,"arrival_time":117,"end_time":129},"8":{"service_time":75,"arrival_time":75,"end_time":81},"9":{"service_time":136,"arrival_time":136,"end_time":142},"11":{"service_time":104,"arrival_time":104,"end_time":110},"14":{"service_time":95,"arrival_time":95,"end_time":99},"ED":{"end_time":186}}}}}