{"best_objective":5397.440506944446,"instance":"T-21-27-3-1.json","voyages":{"PSV_1":{"sequence":[9,0,2,1,26,19,16,11,13,23],"time_points":{"0":{"service_time":94,"arrival_time":94,"end_time":106},"16":{"service_time":141,"arrival_time":141,"end_time":145},"SD":{"end_time":63},"1":{"service_time":117,"arrival_time":117,"end_time":128},"2":{"service_time":106,"arrival_time":106,"end_time":112},"19":{"service_time":132,"arrival_time":132,"end_time":138},"23":{"service_time":161,"arrival_time":161,"end_time":162},"9":{"service_time":84,"arrival_time":84,"end_time":92},"26":{"service_time":128,"arrival_time":128,"end_time":129},"11":{"service_time":148,"arrival_time":148,"end_time":153},"13":{"service_time":157,"arrival_time":157,"end_time":161},"ED":{"end_time":188}}},"SPOT":{"sequence":[],"time_points":{}},"PSV_3":{"sequence":[8,5,10,7,15,14,24,17,21,18,20],"time_points":{"5":{"service_time":107,"arrival_time":107,"end_time":116},"7":{"service_time":126,"arrival_time":126,"end_time":134},"8":{"service_time":93,"arrival_time":93,"end_time":98},"10":{"service_time":118,"arrival_time":118,"end_time":124},"14":{"service_time":140,"arrival_time":140,"end_time":143},"15":{"service_time":134,"arrival_time":134,"end_time":140},"SD":{"end_time":63},"17":{"service_time":150,"arrival_time":150,"end_time":156},"18":{"service_time":159,"arrival_time":159,"end_time":163},"20":{"service_time":163,"arrival_time":163,"end_time":167},"21":{"service_time":156,"arrival_time":156,"end_time":157},"24":{"service_time":143,"arrival_time":143,"end_time":144},"ED":{"end_time":179}}},"PSV_2":{"sequence":[3,22,6,4,25,12],"time_points":{"SD":{"end_time":63},"3":{"service_time":75,"arrival_time":75,"end_time":87},"4":{"service_time":100,"arrival_time":100,"end_time":109},"22":{"service_time":87,"arrival_time":87,"end_time":88},"6":{"service_time":93,"arrival_time":93,"end_time":99},"25":{"service_time":109,"arrival_time":109,"end_time":110},"12":{"service_time":112,"arrival_time":112,"end_time":119},"ED":{"end_time":129}}}}}