{"best_objective":6904.850284722224,"instance":"T-25-31-4-1.json","voyages":{"PSV_4":{"sequence":[17,19,3,10,27,21,18,22,29,12],"time_points":{"SD":{"end_time":63},"17":{"service_time":89,"arrival_time":89,"end_time":95},"18":{"service_time":133,"arrival_time":133,"end_time":139},"19":{"service_time":96,"arrival_time":96,"end_time":100},"3":{"service_time":100,"arrival_time":100,"end_time":106},"21":{"service_time":126,"arrival_time":126,"end_time":130},"22":{"service_time":139,"arrival_time":139,"end_time":142},"10":{"service_time":113,"arrival_time":113,"end_time":125},"27":{"service_time":125,"arrival_time":125,"end_time":126},"12":{"service_time":143,"arrival_time":143,"end_time":153},"29":{"service_time":142,"arrival_time":142,"end_time":143},"ED":{"end_time":182}}},"SPOT":{"sequence":[],"time_points":{}},"PSV_2":{"sequence":[1,14,30,13],"time_points":{"SD":{"end_time":63},"1":{"service_time":76,"arrival_time":76,"end_time":89},"13":{"service_time":103,"arrival_time":103,"end_time":111},"14":{"service_time":90,"arrival_time":90,"end_time":101},"30":{"service_time":101,"arrival_time":101,"end_time":102},"ED":{"end_time":121}}},"PSV_3":{"sequence":[7,26,0,8,23,15,20,24],"time_points":{"0":{"service_time":99,"arrival_time":99,"end_time":105},"SD":{"end_time":63},"20":{"service_time":131,"arrival_time":131,"end_time":137},"7":{"service_time":76,"arrival_time":76,"end_time":87},"23":{"service_time":120,"arrival_time":120,"end_time":126},"8":{"service_time":105,"arrival_time":105,"end_time":118},"24":{"service_time":145,"arrival_time":145,"end_time":149},"26":{"service_time":87,"arrival_time":87,"end_time":88},"15":{"service_time":127,"arrival_time":127,"end_time":131},"ED":{"end_time":162}}},"PSV_1":{"sequence":[2,5,11,25,16,28,6,4,9],"time_points":{"16":{"service_time":130,"arrival_time":130,"end_time":138},"SD":{"end_time":63},"2":{"service_time":75,"arrival_time":75,"end_time":84},"4":{"service_time":145,"arrival_time":145,"end_time":150},"5":{"service_time":102,"arrival_time":102,"end_time":111},"6":{"service_time":139,"arrival_time":139,"end_time":143},"25":{"service_time":127,"arrival_time":127,"end_time":128},"9":{"service_time":159,"arrival_time":159,"end_time":169},"11":{"service_time":118,"arrival_time":118,"end_time":127},"28":{"service_time":138,"arrival_time":138,"end_time":139},"ED":{"end_time":183}}}}}