{"best_objective":7308.971944444445,"instance":"T-27-34-5-1.json","voyages":{"SPOT":{"sequence":[],"time_points":{}},"PSV_3":{"sequence":[23,2,26,21,29,7,12,5],"time_points":{"SD":{"end_time":63},"2":{"service_time":100,"arrival_time":100,"end_time":111},"21":{"service_time":116,"arrival_time":116,"end_time":122},"5":{"service_time":145,"arrival_time":145,"end_time":151},"23":{"service_time":92,"arrival_time":92,"end_time":100},"7":{"service_time":123,"arrival_time":123,"end_time":132},"26":{"service_time":111,"arrival_time":111,"end_time":112},"12":{"service_time":132,"arrival_time":132,"end_time":138},"29":{"service_time":122,"arrival_time":122,"end_time":123},"ED":{"end_time":178}}},"PSV_4":{"sequence":[],"time_points":{}},"PSV_1":{"sequence":[24,13,1,32,22,17,0,25,15],"time_points":{"32":{"service_time":109,"arrival_time":109,"end_time":110},"0":{"service_time":121,"arrival_time":121,"end_time":129},"SD":{"end_time":63},"1":{"service_time":102,"arrival_time":102,"end_time":109},"17":{"service_time":116,"arrival_time":116,"end_time":121},"22":{"service_time":112,"arrival_time":112,"end_time":114},"24":{"service_time":75,"arrival_time":75,"end_time":83},"25":{"service_time":131,"arrival_time":131,"end_time":135},"13":{"service_time":92,"arrival_time":92,"end_time":102},"15":{"service_time":142,"arrival_time":142,"end_time":151},"ED":{"end_time":181}}},"PSV_2":{"sequence":[11,8,6,31,20,16,28,3],"time_points":{"16":{"service_time":123,"arrival_time":116,"end_time":134},"SD":{"end_time":63},"3":{"service_time":137,"arrival_time":137,"end_time":145},"20":{"service_time":110,"arrival_time":110,"end_time":115},"6":{"service_time":99,"arrival_time":99,"end_time":107},"8":{"service_time":89,"arrival_time":89,"end_time":99},"11":{"service_time":76,"arrival_time":76,"end_time":88},"28":{"service_time":134,"arrival_time":134,"end_time":135},"31":{"service_time":107,"arrival_time":107,"end_time":108},"ED":{"end_time":158}}},"PSV_5":{"sequence":[14,10,18,33,9,4,27,19,30],"time_points":{"SD":{"end_time":63},"33":{"service_time":110,"arrival_time":110,"end_time":111},"18":{"service_time":105,"arrival_time":105,"end_time":110},"19":{"service_time":155,"arrival_time":155,"end_time":158},"4":{"service_time":129,"arrival_time":129,"end_time":139},"9":{"service_time":116,"arrival_time":116,"end_time":128},"10":{"service_time":100,"arrival_time":100,"end_time":105},"27":{"service_time":139,"arrival_time":139,"end_time":140},"14":{"service_time":84,"arrival_time":84,"end_time":98},"30":{"service_time":158,"arrival_time":158,"end_time":159},"ED":{"end_time":169}}}}}