{"best_objective":3575.3643750000006,"instance":"T-13-16-2-1.json","voyages":{"PSV_2":{"sequence":[1,7,11,4,6,15],"time_points":{"SD":{"end_time":63},"1":{"service_time":76,"arrival_time":76,"end_time":84},"4":{"service_time":123,"arrival_time":103,"end_time":133},"6":{"service_time":134,"arrival_time":134,"end_time":141},"7":{"service_time":85,"arrival_time":85,"end_time":98},"11":{"service_time":98,"arrival_time":98,"end_time":102},"15":{"service_time":141,"arrival_time":141,"end_time":142},"ED":{"end_time":155}}},"PSV_1":{"sequence":[9,12,13,8,3,5,10,0,2,14],"time_points":{"0":{"service_time":148,"arrival_time":148,"end_time":153},"SD":{"end_time":63},"2":{"service_time":153,"arrival_time":153,"end_time":163},"3":{"service_time":112,"arrival_time":112,"end_time":122},"5":{"service_time":127,"arrival_time":127,"end_time":139},"8":{"service_time":102,"arrival_time":102,"end_time":108},"9":{"service_time":88,"arrival_time":88,"end_time":92},"10":{"service_time":143,"arrival_time":143,"end_time":148},"12":{"service_time":97,"arrival_time":97,"end_time":99},"13":{"service_time":99,"arrival_time":99,"end_time":100},"14":{"service_time":163,"arrival_time":163,"end_time":164},"ED":{"end_time":193}}},"SPOT":{"sequence":[],"time_points":{}}}}