{"best_objective":4308.749722222223,"instance":"T-15-17-2-1.json","voyages":{"PSV_2":{"sequence":[0,8,3,10,14,4],"time_points":{"0":{"service_time":73,"arrival_time":73,"end_time":85},"SD":{"end_time":63},"3":{"service_time":108,"arrival_time":108,"end_time":122},"4":{"service_time":136,"arrival_time":136,"end_time":142},"8":{"service_time":86,"arrival_time":86,"end_time":99},"10":{"service_time":122,"arrival_time":122,"end_time":128},"14":{"service_time":128,"arrival_time":128,"end_time":129},"ED":{"end_time":156}}},"SPOT":{"sequence":[],"time_points":{}},"PSV_1":{"sequence":[11,1,13,6,9,2,12,5,16,7,15],"time_points":{"1":{"service_time":101,"arrival_time":101,"end_time":107},"2":{"service_time":156,"arrival_time":156,"end_time":163},"5":{"service_time":170,"arrival_time":170,"end_time":176},"6":{"service_time":117,"arrival_time":117,"end_time":121},"7":{"service_time":191,"arrival_time":191,"end_time":199},"9":{"service_time":141,"arrival_time":141,"end_time":151},"11":{"service_time":75,"arrival_time":75,"end_time":83},"12":{"service_time":166,"arrival_time":166,"end_time":170},"13":{"service_time":114,"arrival_time":114,"end_time":115},"15":{"service_time":199,"arrival_time":199,"end_time":200},"16":{"service_time":176,"arrival_time":176,"end_time":177},"SD":{"end_time":63},"ED":{"end_time":213}}}}}