{"best_objective":8425.295312500002,"instance":"T-19-22-2-1.json","voyages":{"PSV_1":{"sequence":[7,1,19,4,0,20,3,11],"time_points":{"0":{"service_time":114,"arrival_time":114,"end_time":122},"SD":{"end_time":63},"1":{"service_time":90,"arrival_time":90,"end_time":98},"19":{"service_time":98,"arrival_time":98,"end_time":99},"3":{"service_time":124,"arrival_time":124,"end_time":128},"4":{"service_time":103,"arrival_time":103,"end_time":112},"20":{"service_time":122,"arrival_time":122,"end_time":123},"7":{"service_time":75,"arrival_time":75,"end_time":88},"11":{"service_time":128,"arrival_time":128,"end_time":141},"ED":{"end_time":153}}},"SPOT":{"sequence":[],"time_points":{}},"PSV_2":{"sequence":[10,8,2,18,14,6,9,17,12,21,5],"time_points":{"SD":{"end_time":63},"4":{"service_time":160,"arrival_time":160,"end_time":169},"21":{"service_time":133,"arrival_time":133,"end_time":134},"5":{"service_time":138,"arrival_time":138,"end_time":145},"6":{"service_time":113,"arrival_time":113,"end_time":120},"7":{"service_time":75,"arrival_time":75,"end_time":88},"9":{"service_time":123,"arrival_time":123,"end_time":128},"12":{"service_time":128,"arrival_time":128,"end_time":133},"ED":{"end_time":179}}}}}