{"best_objective":8697.148125000002,"instance":"T-19-22-2-1.json","voyages":{"PSV_2":{"sequence":[4,0,20,12,21,6,9,14,5,2,18],"time_points":{"0":{"service_time":84,"arrival_time":84,"end_time":92},"2":{"service_time":155,"arrival_time":155,"end_time":164},"4":{"service_time":73,"arrival_time":73,"end_time":82},"5":{"service_time":143,"arrival_time":143,"end_time":150},"6":{"service_time":119,"arrival_time":119,"end_time":126},"9":{"service_time":129,"arrival_time":129,"end_time":134},"12":{"service_time":110,"arrival_time":110,"end_time":115},"14":{"service_time":137,"arrival_time":137,"end_time":142},"SD":{"end_time":63},"18":{"service_time":164,"arrival_time":164,"end_time":165},"20":{"service_time":92,"arrival_time":92,"end_time":93},"21":{"service_time":115,"arrival_time":115,"end_time":116},"ED":{"end_time":189}}},"PSV_1":{"sequence":[7,10,8,17,1,19,3,11],"time_points":{"SD":{"end_time":63},"17":{"service_time":127,"arrival_time":127,"end_time":128},"1":{"service_time":129,"arrival_time":129,"end_time":137},"19":{"service_time":137,"arrival_time":137,"end_time":138},"3":{"service_time":141,"arrival_time":141,"end_time":145},"7":{"service_time":75,"arrival_time":75,"end_time":88},"8":{"service_time":111,"arrival_time":111,"end_time":121},"10":{"service_time":99,"arrival_time":99,"end_time":106},"11":{"service_time":145,"arrival_time":145,"end_time":158},"ED":{"end_time":170}}},"SPOT":{"sequence":[],"time_points":{}}}}