{"best_objective":5373.562034722224,"instance":"T-21-27-3-1.json","voyages":{"PSV_1":{"sequence":[9,2,0,1,26,19,16,11,13,23],"time_points":{"0":{"service_time":100,"arrival_time":100,"end_time":112},"16":{"service_time":141,"arrival_time":141,"end_time":145},"SD":{"end_time":63},"1":{"service_time":117,"arrival_time":117,"end_time":128},"2":{"service_time":94,"arrival_time":94,"end_time":100},"19":{"service_time":132,"arrival_time":132,"end_time":138},"23":{"service_time":161,"arrival_time":161,"end_time":162},"9":{"service_time":84,"arrival_time":84,"end_time":92},"26":{"service_time":128,"arrival_time":128,"end_time":129},"11":{"service_time":148,"arrival_time":148,"end_time":153},"13":{"service_time":157,"arrival_time":157,"end_time":161},"ED":{"end_time":188}}},"PSV_3":{"sequence":[8,5,10,14,24,7,15,17,21,18],"time_points":{"SD":{"end_time":63},"17":{"service_time":150,"arrival_time":150,"end_time":156},"18":{"service_time":159,"arrival_time":159,"end_time":163},"5":{"service_time":107,"arrival_time":107,"end_time":116},"21":{"service_time":156,"arrival_time":156,"end_time":157},"7":{"service_time":130,"arrival_time":130,"end_time":138},"8":{"service_time":93,"arrival_time":93,"end_time":98},"24":{"service_time":129,"arrival_time":129,"end_time":130},"10":{"service_time":118,"arrival_time":118,"end_time":124},"14":{"service_time":126,"arrival_time":126,"end_time":129},"15":{"service_time":138,"arrival_time":138,"end_time":144},"ED":{"end_time":176}}},"PSV_2":{"sequence":[12,4,25,6,20,3,22],"time_points":{"SD":{"end_time":63},"3":{"service_time":108,"arrival_time":108,"end_time":120},"4":{"service_time":82,"arrival_time":82,"end_time":91},"20":{"service_time":99,"arrival_time":99,"end_time":103},"6":{"service_time":93,"arrival_time":93,"end_time":99},"22":{"service_time":120,"arrival_time":120,"end_time":121},"25":{"service_time":91,"arrival_time":91,"end_time":92},"12":{"service_time":73,"arrival_time":73,"end_time":80},"ED":{"end_time":133}}},"SPOT":{"sequence":[],"time_points":{}}}}