{"best_objective":6437.4795833333355,"instance":"T-27-34-5-1.json","voyages":{"PSV_3":{"sequence":[14,1,32,6,31,8,3],"time_points":{"32":{"service_time":106,"arrival_time":106,"end_time":107},"SD":{"end_time":63},"1":{"service_time":99,"arrival_time":99,"end_time":106},"3":{"service_time":134,"arrival_time":134,"end_time":142},"6":{"service_time":115,"arrival_time":115,"end_time":123},"8":{"service_time":124,"arrival_time":124,"end_time":134},"14":{"service_time":84,"arrival_time":84,"end_time":98},"31":{"service_time":123,"arrival_time":123,"end_time":124},"ED":{"end_time":155}}},"PSV_1":{"sequence":[4,27,23,2,26,21,29,7,12,18,33],"time_points":{"33":{"service_time":165,"arrival_time":165,"end_time":166},"2":{"service_time":111,"arrival_time":111,"end_time":122},"4":{"service_time":89,"arrival_time":89,"end_time":99},"7":{"service_time":133,"arrival_time":133,"end_time":142},"12":{"service_time":142,"arrival_time":142,"end_time":148},"SD":{"end_time":63},"18":{"service_time":160,"arrival_time":160,"end_time":165},"21":{"service_time":126,"arrival_time":126,"end_time":132},"23":{"service_time":103,"arrival_time":103,"end_time":111},"26":{"service_time":122,"arrival_time":122,"end_time":123},"27":{"service_time":99,"arrival_time":99,"end_time":100},"29":{"service_time":132,"arrival_time":132,"end_time":133},"ED":{"end_time":190}}},"SPOT":{"sequence":[],"time_points":{}},"PSV_5":{"sequence":[],"time_points":{}},"PSV_4":{"sequence":[10,9,5,11,19,30,15],"time_points":{"SD":{"end_time":63},"11":{"service_time":76,"arrival_time":76,"end_time":88},"31":{"service_time":90,"arrival_time":90,"end_time":91},"ED":{"end_time":103}}},"PSV_2":{"sequence":[24,13,22,0,25,17,16,28,20],"time_points":{"0":{"service_time":108,"arrival_time":108,"end_time":116},"16":{"service_time":139,"arrival_time":139,"end_time":150},"SD":{"end_time":63},"17":{"service_time":124,"arrival_time":124,"end_time":129},"20":{"service_time":152,"arrival_time":152,"end_time":157},"22":{"service_time":104,"arrival_time":104,"end_time":106},"24":{"service_time":75,"arrival_time":75,"end_time":83},"25":{"service_time":118,"arrival_time":118,"end_time":122},"28":{"service_time":150,"arrival_time":150,"end_time":151},"13":{"service_time":92,"arrival_time":92,"end_time":102},"ED":{"end_time":170}}}}}