{"best_objective":7252.183506944446,"instance":"T-27-34-5-1.json","voyages":{"PSV_5":{"sequence":[13,14,18,33,10,5,4,27],"time_points":{"SD":{"end_time":63},"33":{"service_time":116,"arrival_time":116,"end_time":117},"18":{"service_time":111,"arrival_time":111,"end_time":116},"4":{"service_time":134,"arrival_time":134,"end_time":144},"5":{"service_time":127,"arrival_time":127,"end_time":133},"10":{"service_time":117,"arrival_time":117,"end_time":122},"27":{"service_time":144,"arrival_time":144,"end_time":145},"13":{"service_time":84,"arrival_time":84,"end_time":94},"14":{"service_time":95,"arrival_time":95,"end_time":109},"ED":{"end_time":171}}},"PSV_1":{"sequence":[15,25,17,0,22,1,32,16,28],"time_points":{"0":{"service_time":120,"arrival_time":120,"end_time":128},"32":{"service_time":141,"arrival_time":141,"end_time":142},"16":{"service_time":148,"arrival_time":148,"end_time":159},"SD":{"end_time":63},"17":{"service_time":115,"arrival_time":115,"end_time":120},"1":{"service_time":134,"arrival_time":134,"end_time":141},"22":{"service_time":130,"arrival_time":130,"end_time":132},"25":{"service_time":109,"arrival_time":109,"end_time":113},"28":{"service_time":159,"arrival_time":159,"end_time":160},"15":{"service_time":93,"arrival_time":93,"end_time":102},"ED":{"end_time":174}}},"SPOT":{"sequence":[],"time_points":{}},"PSV_3":{"sequence":[9,2,26,12,21,29,7,23],"time_points":{"SD":{"end_time":63},"2":{"service_time":105,"arrival_time":105,"end_time":116},"21":{"service_time":127,"arrival_time":127,"end_time":133},"7":{"service_time":134,"arrival_time":134,"end_time":143},"23":{"service_time":147,"arrival_time":147,"end_time":155},"9":{"service_time":90,"arrival_time":90,"end_time":102},"26":{"service_time":116,"arrival_time":116,"end_time":117},"12":{"service_time":120,"arrival_time":120,"end_time":126},"29":{"service_time":133,"arrival_time":133,"end_time":134},"ED":{"end_time":184}}},"PSV_2":{"sequence":[24,20,6,31,8,11,3,19,30],"time_points":{"SD":{"end_time":63},"3":{"service_time":125,"arrival_time":125,"end_time":133},"19":{"service_time":135,"arrival_time":135,"end_time":138},"20":{"service_time":85,"arrival_time":85,"end_time":90},"6":{"service_time":92,"arrival_time":92,"end_time":100},"24":{"service_time":75,"arrival_time":75,"end_time":83},"8":{"service_time":101,"arrival_time":101,"end_time":111},"11":{"service_time":112,"arrival_time":112,"end_time":124},"30":{"service_time":138,"arrival_time":138,"end_time":139},"31":{"service_time":100,"arrival_time":100,"end_time":101},"ED":{"end_time":149}}},"PSV_4":{"sequence":[],"time_points":{}}}}