{
  "instance_info": {
    "fleet_size": 1,
    "installation_ordering": "random",
    "number_of_installations": 11,
    "order_composition": {
      "1": {
        "installation": 15,
        "node": 1,
        "order": "(O0-MD-I15)",
        "size": 26
      },
      "2": {
        "installation": 25,
        "node": 2,
        "order": "(O1-MD-I25)",
        "size": 15
      },
      "3": {
        "installation": 21,
        "node": 3,
        "order": "(O2-MD-I21)",
        "size": 27
      },
      "4": {
        "installation": 11,
        "node": 4,
        "order": "(O3-MD-I11)",
        "size": 12
      },
      "5": {
        "installation": 6,
        "node": 5,
        "order": "(O4-MD-I6)",
        "size": 26
      },
      "6": {
        "installation": 13,
        "node": 6,
        "order": "(O5-MD-I13)",
        "size": 18
      },
      "7": {
        "installation": 19,
        "node": 7,
        "order": "(O6-OD-I19)",
        "size": 15
      },
      "8": {
        "installation": 23,
        "node": 8,
        "order": "(O7-OD-I23)",
        "size": 14
      },
      "9": {
        "installation": 26,
        "node": 9,
        "order": "(O8-OD-I26)",
        "size": 9
      },
      "10": {
        "installation": 5,
        "node": 10,
        "order": "(O9-OP-I5)",
        "size": 26
      },
      "11": {
        "installation": 7,
        "node": 11,
        "order": "(O10-OP-I7)",
        "size": 19
      },
      "12": {
        "installation": 15,
        "node": 12,
        "order": "(O11-OP-I15)",
        "size": 31
      },
      "13": {
        "installation": 21,
        "node": 13,
        "order": "(O12-OP-I21)",
        "size": 16
      }
    },
    "weather_scenario": "perfect"
  },
  "objective": {
    "charter_costs": 0,
    "fuel_costs": 2446.4166,
    "objective_bound": 7999.5366,
    "optimality_gap": 0.0,
    "penalty_costs": 5553.12
  },
  "order_fulfillment": {
    "postponed_orders": [
      8,
      9,
      7
    ],
    "serviced_orders": [
      1,
      2,
      3,
      4,
      5,
      6,
      10,
      11,
      12,
      13
    ]
  },
  "runtime": {
    "model_runtime": 105.17,
    "preprocess_runtime": 11.8939
  },
  "variables": {
    "number_of_arcs": 188330,
    "number_of_bin_variables": 188360,
    "number_of_cont_variables": 60,
    "number_of_variables": 188420
  },
  "vessels": {
    "chartered_vessels": 0,
    "fleet_vessels": 1
  },
  "voyages": {
    "0": {
      "0": [
        5,
        [
          63,
          75,
          86
        ],
        10.0,
        [
          124.0,
          0
        ],
        [
          387.7800000000001,
          0.0
        ]
      ],
      "1": [
        12,
        [
          173,
          173,
          174
        ],
        0,
        [
          0,
          16.000000000000096
        ],
        [
          11.73,
          0.0
        ]
      ],
      "2": [
        1,
        [
          158,
          162,
          173
        ],
        10.0,
        [
          26.0,
          16.0
        ],
        [
          215.28000000000003,
          0.0
        ]
      ],
      "3": [
        13,
        [
          148,
          148,
          149
        ],
        0,
        [
          41.00000000000057,
          0
        ],
        [
          11.73,
          0.0
        ]
      ],
      "4": [
        6,
        [
          99,
          106,
          114
        ],
        10.0,
        [
          86.0,
          0
        ],
        [
          244.77750000000006,
          0.0
        ]
      ],
      "5": [
        4,
        [
          86,
          94,
          99
        ],
        10.0,
        [
          97.99999999999983,
          0
        ],
        [
          231.15000000000006,
          0.0
        ]
      ],
      "6": [
        3,
        [
          114,
          137,
          148
        ],
        10.0,
        [
          68.0000000000004,
          0
        ],
        [
          624.9675000000002,
          0.0
        ]
      ],
      "10": [
        11,
        [
          187,
          188,
          189
        ],
        10.0,
        [
          0,
          73.0
        ],
        [
          33.292500000000004,
          0.0
        ]
      ],
      "11": [
        14,
        [
          189,
          201,
          201
        ],
        10.0,
        [
          0,
          131.0
        ],
        [
          258.75000000000006,
          0.0
        ]
      ],
      "12": [
        10,
        [
          174,
          186,
          187
        ],
        10.0,
        [
          0,
          47.0
        ],
        [
          270.4800000000001,
          0.0
        ]
      ],
      "13": [
        2,
        [
          149,
          152,
          158
        ],
        11.0,
        [
          41.00000000000062,
          16.0
        ],
        [
          156.4790625,
          0.0
        ]
      ]
    },
    "1": {
      "0": [
        14,
        [
          63,
          63,
          63
        ],
        0,
        [
          0,
          0
        ],
        [
          0,
          0
        ]
      ]
    }
  }
}