{
  "instance_info": {
    "fleet_size": 2,
    "installation_ordering": "random",
    "number_of_installations": 13,
    "order_composition": {
      "1": {
        "installation": 27,
        "node": 1,
        "order": "(O0-MD-I27)",
        "size": 30
      },
      "2": {
        "installation": 14,
        "node": 2,
        "order": "(O1-MD-I14)",
        "size": 14
      },
      "3": {
        "installation": 26,
        "node": 3,
        "order": "(O2-MD-I26)",
        "size": 16
      },
      "4": {
        "installation": 18,
        "node": 4,
        "order": "(O3-MD-I18)",
        "size": 33
      },
      "5": {
        "installation": 2,
        "node": 5,
        "order": "(O4-MD-I2)",
        "size": 14
      },
      "6": {
        "installation": 16,
        "node": 6,
        "order": "(O5-MD-I16)",
        "size": 15
      },
      "7": {
        "installation": 9,
        "node": 7,
        "order": "(O6-MD-I9)",
        "size": 9
      },
      "8": {
        "installation": 5,
        "node": 8,
        "order": "(O7-MD-I5)",
        "size": 20
      },
      "9": {
        "installation": 7,
        "node": 9,
        "order": "(O8-MD-I7)",
        "size": 32
      },
      "10": {
        "installation": 22,
        "node": 10,
        "order": "(O9-MD-I22)",
        "size": 24
      },
      "11": {
        "installation": 18,
        "node": 11,
        "order": "(O10-OD-I18)",
        "size": 15
      },
      "12": {
        "installation": 1,
        "node": 12,
        "order": "(O11-OD-I1)",
        "size": 18
      },
      "13": {
        "installation": 17,
        "node": 13,
        "order": "(O12-OD-I17)",
        "size": 8
      },
      "14": {
        "installation": 13,
        "node": 14,
        "order": "(O13-OP-I13)",
        "size": 23
      },
      "15": {
        "installation": 18,
        "node": 15,
        "order": "(O14-OP-I18)",
        "size": 8
      },
      "16": {
        "installation": 5,
        "node": 16,
        "order": "(O15-OP-I5)",
        "size": 34
      },
      "17": {
        "installation": 16,
        "node": 17,
        "order": "(O16-OP-I16)",
        "size": 19
      }
    },
    "weather_scenario": "perfect"
  },
  "objective": {
    "charter_costs": 0,
    "fuel_costs": 4334.56,
    "objective_bound": 3885.7696,
    "optimality_gap": 0.10353772213898838,
    "penalty_costs": 0.0
  },
  "order_fulfillment": {
    "postponed_orders": [],
    "serviced_orders": [
      1,
      2,
      3,
      4,
      5,
      6,
      7,
      8,
      9,
      10,
      11,
      12,
      13,
      14,
      15,
      16,
      17
    ]
  },
  "runtime": {
    "model_runtime": 3600.2252,
    "preprocess_runtime": 30.5076
  },
  "variables": {
    "number_of_arcs": 487230,
    "number_of_bin_variables": 487287,
    "number_of_cont_variables": 114,
    "number_of_variables": 487401
  },
  "vessels": {
    "chartered_vessels": 0,
    "fleet_vessels": 2
  },
  "voyages": {
    "0": {
      "0": [
        12,
        [
          63,
          75,
          83
        ],
        10.0,
        [
          124.0,
          0
        ],
        [
          352.59000000000003,
          0.0
        ]
      ],
      "2": [
        14,
        [
          107,
          114,
          115
        ],
        10.0,
        [
          92.00000000000034,
          0
        ],
        [
          162.66750000000005,
          0.0
        ]
      ],
      "3": [
        6,
        [
          167,
          170,
          176
        ],
        10.0,
        [
          35.0000000000006,
          22.999999999999716
        ],
        [
          135.06750000000002,
          0.0
        ]
      ],
      "6": [
        17,
        [
          176,
          176,
          177
        ],
        0,
        [
          20.000000000000597,
          22.999999999999716
        ],
        [
          11.73,
          0.0
        ]
      ],
      "7": [
        13,
        [
          120,
          134,
          138
        ],
        10.0,
        [
          83.00000000000095,
          22.999999999999858
        ],
        [
          348.79500000000013,
          0.0
        ]
      ],
      "8": [
        16,
        [
          199,
          199,
          200
        ],
        0,
        [
          0,
          97.0
        ],
        [
          11.73,
          0.0
        ]
      ],
      "10": [
        3,
        [
          155,
          160,
          167
        ],
        10.0,
        [
          51.0000000000006,
          22.999999999999716
        ],
        [
          189.92250000000007,
          0.0
        ]
      ],
      "12": [
        2,
        [
          83,
          101,
          107
        ],
        10.0,
        [
          106.00000000000018,
          0
        ],
        [
          458.5050000000001,
          0.0
        ]
      ],
      "13": [
        10,
        [
          138,
          145,
          155
        ],
        10.0,
        [
          75.00000000000118,
          22.999999999999716
        ],
        [
          268.23750000000007,
          0.0
        ]
      ],
      "14": [
        7,
        [
          115,
          116,
          120
        ],
        13.0,
        [
          92.0000000000005,
          23.0
        ],
        [
          94.2928125,
          0.0
        ]
      ],
      "16": [
        18,
        [
          200,
          213,
          213
        ],
        10.0,
        [
          0,
          131.0
        ],
        [
          280.3125000000001,
          0.0
        ]
      ],
      "17": [
        8,
        [
          177,
          191,
          199
        ],
        10.0,
        [
          20.0,
          97.0
        ],
        [
          395.71500000000015,
          0.0
        ]
      ]
    },
    "1": {
      "0": [
        1,
        [
          63,
          73,
          85
        ],
        10.0,
        [
          124.0,
          0
        ],
        [
          388.32944444444456,
          0.0
        ]
      ],
      "1": [
        9,
        [
          85,
          86,
          99
        ],
        10.0,
        [
          94.0,
          0
        ],
        [
          177.24694444444447,
          0.0
        ]
      ],
      "4": [
        11,
        [
          122,
          122,
          128
        ],
        0,
        [
          29.0,
          0
        ],
        [
          70.38000000000001,
          0.0
        ]
      ],
      "5": [
        18,
        [
          142,
          156,
          156
        ],
        10.0,
        [
          0,
          8.0
        ],
        [
          346.59722222222234,
          0.0
        ]
      ],
      "9": [
        4,
        [
          99,
          108,
          122
        ],
        10.0,
        [
          62.0,
          0
        ],
        [
          387.0325000000001,
          0.0
        ]
      ],
      "11": [
        15,
        [
          128,
          128,
          129
        ],
        0,
        [
          14.0,
          0
        ],
        [
          11.73,
          0.0
        ]
      ],
      "15": [
        5,
        [
          129,
          136,
          142
        ],
        10.0,
        [
          14.0,
          8.0
        ],
        [
          243.6786111111112,
          0.0
        ]
      ]
    },
    "2": {
      "0": [
        18,
        [
          63,
          63,
          63
        ],
        0,
        [
          0,
          0
        ],
        [
          0,
          0
        ]
      ]
    }
  }
}