{"instance_info": {"installation_ordering": "random", "number_of_installations": 20, "weather_scenario": "perfect", "fleet_size": 3, "order_composition": {"1": {"order": "(O0-MD-I19)", "size": 29, "installation": 19, "node": 1}, "2": {"order": "(O1-MD-I16)", "size": 26, "installation": 16, "node": 2}, "3": {"order": "(O2-MD-I20)", "size": 14, "installation": 20, "node": 3}, "4": {"order": "(O3-MD-I1)", "size": 28, "installation": 1, "node": 4}, "5": {"order": "(O4-MD-I5)", "size": 22, "installation": 5, "node": 5}, "6": {"order": "(O5-MD-I8)", "size": 22, "installation": 8, "node": 6}, "7": {"order": "(O6-MD-I7)", "size": 13, "installation": 7, "node": 7}, "8": {"order": "(O7-MD-I11)", "size": 19, "installation": 11, "node": 8}, "9": {"order": "(O8-MD-I14)", "size": 11, "installation": 14, "node": 9}, "10": {"order": "(O9-MD-I18)", "size": 18, "installation": 18, "node": 10}, "11": {"order": "(O10-MD-I10)", "size": 13, "installation": 10, "node": 11}, "12": {"order": "(O11-MD-I25)", "size": 11, "installation": 25, "node": 12}, "13": {"order": "(O12-MD-I27)", "size": 16, "installation": 27, "node": 13}, "14": {"order": "(O13-OD-I15)", "size": 10, "installation": 15, "node": 14}, "15": {"order": "(O14-OD-I12)", "size": 7, "installation": 12, "node": 15}, "16": {"order": "(O15-OD-I11)", "size": 14, "installation": 11, "node": 16}, "17": {"order": "(O16-OD-I21)", "size": 9, "installation": 21, "node": 17}, "18": {"order": "(O17-OD-I2)", "size": 13, "installation": 2, "node": 18}, "19": {"order": "(O18-OD-I3)", "size": 9, "installation": 3, "node": 19}, "20": {"order": "(O19-OD-I24)", "size": 14, "installation": 24, "node": 20}, "21": {"order": "(O20-OD-I6)", "size": 8, "installation": 6, "node": 21}, "22": {"order": "(O21-OP-I2)", "size": 20, "installation": 2, "node": 22}, "23": {"order": "(O22-OP-I1)", "size": 16, "installation": 1, "node": 23}, "24": {"order": "(O23-OP-I15)", "size": 23, "installation": 15, "node": 24}, "25": {"order": "(O24-OP-I12)", "size": 14, "installation": 12, "node": 25}, "26": {"order": "(O25-OP-I5)", "size": 24, "installation": 5, "node": 26}, "27": {"order": "(O26-OP-I16)", "size": 16, "installation": 16, "node": 27}}}, "voyages": {"0": {"0": [4, [63, 75, 87], 10.0, [129.0, 0], [399.5100000000001, 0.0]], "3": [17, [153, 166, 170], 10.0, [33.999999999999645, 55.000000001974115], [327.23250000000013, 0.0]], "4": [23, [87, 87, 88], 0, [100.99999999999788, 0], [11.73, 0.0]], "6": [11, [129, 131, 137], 10.0, [67.9999999999985, 15.99999999999961], [113.50500000000002, 0.0]], "9": [6, [111, 120, 129], 10.0, [89.99999999999818, 16.0], [299.63250000000005, 0.0]], "11": [15, [137, 139, 142], 11.0, [54.99999999999884, 15.999999999999297], [92.589375, 0.0]], "12": [28, [184, 214, 214], 10.0, [0, 131.0], [646.8750000000002, 0.0]], "15": [25, [142, 142, 143], 0, [47.999999999999204, 15.999999999998984], [11.73, 0.0]], "17": [20, [170, 173, 179], 11.0, [24.999999999999858, 83.00000000179446], [156.4790625, 0.0]], "20": [12, [179, 179, 184], 10.0, [11.0, 120.00000000000006], [58.650000000000006, 0.0]], "23": [9, [88, 106, 111], 10.0, [100.99999999999795, 16.0], [446.7750000000001, 0.0]], "25": [3, [143, 147, 153], 10.0, [47.99999999999937, 29.999999999998828], [156.63000000000005, 0.0]]}, "1": {"0": [21, [63, 75, 79], 10.0, [97.0, 0], [344.00333333333344, 0.0]], "2": [27, [110, 110, 111], 0, [53.0, 23.0], [11.73, 0.0]], "7": [28, [153, 165, 165], 10.0, [0, 117.0], [297.0833333333334, 0.0]], "10": [18, [127, 134, 140], 10.0, [35.0, 39.0], [243.6786111111112, 0.0]], "14": [24, [97, 97, 98], 0, [79.0, 0], [11.73, 0.0]], "18": [22, [140, 140, 141], 0, [22.0, 39.0], [11.73, 0.0]], "19": [7, [147, 147, 153], 10.0, [13.0, 117.0], [70.38000000000001, 0.0]], "21": [14, [79, 93, 97], 10.0, [89.0, 0], [393.51722222222236, 0.0]], "22": [19, [141, 143, 147], 10.0, [22.0, 59.0], [96.4338888888889, 0.0]], "24": [2, [98, 99, 110], 10.0, [79.0, 23.0], [153.78694444444446, 0.0]], "27": [10, [111, 119, 127], 10.0, [53.0, 39.0], [291.8955555555556, 0.0]]}, "2": {"0": [5, [63, 76, 85], 10.0, [100.0, 0], [397.30263888888896, 0.0]], "1": [13, [125, 138, 145], 10.0, [16.0, 24.0], [373.842638888889, 0.0]], "5": [26, [85, 85, 86], 0, [78.0, 0], [11.73, 0.0]], "8": [16, [103, 103, 109], 0, [59.0, 24.0], [70.38000000000001, 0.0]], "13": [28, [145, 155, 155], 10.0, [0, 24.0], [224.4097222222223, 0.0]], "16": [1, [109, 113, 125], 10.0, [45.0, 24.0], [230.52388888888896, 0.0]], "26": [8, [86, 95, 103], 10.0, [78.0, 24.0], [295.80875000000003, 0.0]]}, "3": {"0": [28, [63, 63, 63], 0, [0, 0], [0, 0]]}}, "order_fulfillment": {"postponed_orders": [], "serviced_orders": [1, 2, 3, 4, 5, 6, 7, 8, 9, 10, 11, 12, 13, 14, 15, 16, 17, 18, 19, 20, 21, 22, 23, 24, 25, 26, 27]}, "vessels": {"fleet_vessels": 3, "chartered_vessels": 0}, "objective": {"objective_bound": 4581.975, "fuel_costs": 6251.305, "charter_costs": 0, "penalty_costs": 0.0, "optimality_gap": 0.26703704017837987}, "variables": {"number_of_variables": 1379052, "number_of_bin_variables": 1378820, "number_of_arcs": 1378704, "number_of_cont_variables": 232}, "runtime": {"preprocess_runtime": 88.7095, "model_runtime": 3600.0892}}