{"instance_info": {"installation_ordering": "random", "number_of_installations": 25, "weather_scenario": "perfect", "fleet_size": 4, "order_composition": {"1": {"order": "(O0-MD-I20)", "size": 14, "installation": 20, "node": 1}, "2": {"order": "(O1-MD-I5)", "size": 32, "installation": 5, "node": 2}, "3": {"order": "(O2-MD-I1)", "size": 22, "installation": 1, "node": 3}, "4": {"order": "(O3-MD-I16)", "size": 13, "installation": 16, "node": 4}, "5": {"order": "(O4-MD-I10)", "size": 11, "installation": 10, "node": 5}, "6": {"order": "(O5-MD-I14)", "size": 22, "installation": 14, "node": 6}, "7": {"order": "(O6-MD-I9)", "size": 10, "installation": 9, "node": 7}, "8": {"order": "(O7-MD-I4)", "size": 27, "installation": 4, "node": 8}, "9": {"order": "(O8-MD-I19)", "size": 32, "installation": 19, "node": 9}, "10": {"order": "(O9-MD-I2)", "size": 23, "installation": 2, "node": 10}, "11": {"order": "(O10-MD-I22)", "size": 28, "installation": 22, "node": 11}, "12": {"order": "(O11-MD-I13)", "size": 21, "installation": 13, "node": 12}, "13": {"order": "(O12-MD-I26)", "size": 24, "installation": 26, "node": 13}, "14": {"order": "(O13-MD-I27)", "size": 18, "installation": 27, "node": 14}, "15": {"order": "(O14-MD-I7)", "size": 26, "installation": 7, "node": 15}, "16": {"order": "(O15-MD-I12)", "size": 10, "installation": 12, "node": 16}, "17": {"order": "(O16-MD-I8)", "size": 18, "installation": 8, "node": 17}, "18": {"order": "(O17-OD-I15)", "size": 15, "installation": 15, "node": 18}, "19": {"order": "(O18-OD-I24)", "size": 13, "installation": 24, "node": 19}, "20": {"order": "(O19-OD-I17)", "size": 10, "installation": 17, "node": 20}, "21": {"order": "(O20-OD-I11)", "size": 15, "installation": 11, "node": 21}, "22": {"order": "(O21-OD-I21)", "size": 9, "installation": 21, "node": 22}, "23": {"order": "(O22-OD-I25)", "size": 7, "installation": 25, "node": 23}, "24": {"order": "(O23-OD-I18)", "size": 13, "installation": 18, "node": 24}, "25": {"order": "(O24-OD-I3)", "size": 9, "installation": 3, "node": 25}, "26": {"order": "(O25-OP-I13)", "size": 22, "installation": 13, "node": 26}, "27": {"order": "(O26-OP-I4)", "size": 27, "installation": 4, "node": 27}, "28": {"order": "(O27-OP-I22)", "size": 27, "installation": 22, "node": 28}, "29": {"order": "(O28-OP-I8)", "size": 20, "installation": 8, "node": 29}, "30": {"order": "(O29-OP-I25)", "size": 17, "installation": 25, "node": 30}, "31": {"order": "(O30-OP-I7)", "size": 34, "installation": 7, "node": 31}}}, "voyages": {"0": {"0": [14, [63, 73, 81], 10.0, [124.0, 0], [309.4650000000001, 0.0]], "1": [16, [100, 104, 108], 10.0, [92.0, 0], [133.17000000000002, 0.0]], "5": [17, [115, 117, 125], 10.0, [71.00000000000186, 0], [136.96500000000003, 0.0]], "6": [12, [144, 151, 160], 10.0, [31.0, 20.0], [256.50750000000005, 0.0]], "7": [32, [167, 191, 191], 10.0, [0, 41.999999999999645], [517.5000000000001, 0.0]], "12": [26, [160, 160, 161], 0, [10.0, 19.999999999999815], [11.73, 0.0]], "14": [1, [81, 94, 100], 10.0, [106.0, 0], [350.6925000000001, 0.0]], "16": [5, [108, 110, 115], 11.0, [82.0, 0], [116.049375, 0.0]], "17": [29, [125, 125, 126], 0, [53.0, 0], [11.73, 0.0]], "26": [7, [161, 163, 167], 10.0, [10.000000000000002, 41.999999999999645], [90.04500000000002, 0.0]], "29": [6, [126, 135, 144], 10.0, [53.000000000000014, 20.0], [299.63250000000005, 0.0]]}, "1": {"0": [32, [63, 63, 63], 0, [0, 0], [0, 0]]}, "2": {"0": [9, [63, 87, 100], 10.0, [125.0, 0], [691.0733333333335, 0.0]], "9": [18, [100, 105, 111], 10.0, [93.0, 0], [182.58486111111117, 0.0]], "11": [28, [135, 135, 136], 0, [40.00000000000006, 0], [11.73, 0.0]], "13": [32, [157, 186, 186], 10.0, [0, 101.0], [650.7881944444447, 0.0]], "18": [20, [111, 112, 116], 10.0, [78.0, 0], [69.36097222222223, 0.0]], "20": [11, [116, 123, 135], 10.0, [68.00000000000006, 0], [297.84680555555565, 0.0]], "22": [23, [140, 143, 146], 11.0, [31.00000000000003, 84.0], [124.79680208333335, 0.0]], "23": [30, [146, 146, 147], 0, [24.0, 84.0], [11.73, 0.0]], "28": [22, [136, 136, 140], 13.0, [40.00000000000006, 27.0], [46.92, 0.0]], "30": [13, [147, 147, 157], 10.0, [24.000000000000036, 101.0], [117.30000000000001, 0.0]]}, "3": {"0": [2, [63, 76, 89], 10.0, [117.0, 0], [468.1011111111112, 0.0]], "2": [15, [89, 90, 101], 10.0, [85.0, 0], [153.30777777777777, 0.0]], "8": [27, [116, 116, 117], 0, [31.999999999999815, 34.0], [11.73, 0.0]], "10": [25, [133, 135, 139], 10.0, [9.0, 60.99999999999986], [95.47555555555556, 0.0]], "15": [31, [101, 101, 102], 0, [59.00000000000025, 0], [11.73, 0.0]], "25": [32, [139, 152, 152], 10.0, [0, 60.999999999999616], [315.6111111111112, 0.0]], "27": [10, [117, 118, 133], 10.0, [31.9999999999999, 61.0], [182.97777777777782, 0.0]], "31": [8, [102, 105, 116], 10.0, [59.00000000000032, 34.0], [201.86333333333334, 0.0]]}, "4": {"0": [19, [63, 84, 90], 14.0, [63.0, 0], [1554.4981250000003, 4104.0]], "3": [32, [126, 135, 135], 13.0, [0, 130.0], [509.2577343749999, 1368.0]], "4": [21, [98, 105, 111], 14.0, [37.0, 0], [565.0860416666668, 1976.0]], "19": [4, [90, 92, 98], 13.0, [50.0, 0], [183.54838541666666, 1216.0]], "21": [3, [111, 117, 126], 14.0, [22.0, 108.00000000000006], [529.6037500000001, 2280.0]]}}, "order_fulfillment": {"postponed_orders": [24], "serviced_orders": [1, 2, 3, 4, 5, 6, 7, 8, 9, 10, 11, 12, 13, 14, 15, 16, 17, 18, 19, 20, 21, 22, 23, 25, 26, 27, 28, 29, 30, 31]}, "vessels": {"fleet_vessels": 3, "chartered_vessels": 1}, "objective": {"objective_bound": 4773.1213, "fuel_costs": 9220.4085, "charter_costs": 1368.0, "penalty_costs": 1337.22, "optimality_gap": 0.7780111732337673}, "variables": {"number_of_variables": 2657450, "number_of_bin_variables": 2657120, "number_of_arcs": 2656955, "number_of_cont_variables": 330}, "runtime": {"preprocess_runtime": 170.6003, "model_runtime": 3600.2285}}