{
  "instance_info": {
    "fleet_size": 5,
    "installation_ordering": "random",
    "number_of_installations": 27,
    "order_composition": {
      "1": {
        "installation": 9,
        "node": 1,
        "order": "(O0-MD-I9)",
        "size": 19
      },
      "2": {
        "installation": 11,
        "node": 2,
        "order": "(O1-MD-I11)",
        "size": 17
      },
      "3": {
        "installation": 24,
        "node": 3,
        "order": "(O2-MD-I24)",
        "size": 26
      },
      "4": {
        "installation": 3,
        "node": 4,
        "order": "(O3-MD-I3)",
        "size": 18
      },
      "5": {
        "installation": 15,
        "node": 5,
        "order": "(O4-MD-I15)",
        "size": 24
      },
      "6": {
        "installation": 16,
        "node": 6,
        "order": "(O5-MD-I16)",
        "size": 15
      },
      "7": {
        "installation": 6,
        "node": 7,
        "order": "(O6-MD-I6)",
        "size": 20
      },
      "8": {
        "installation": 21,
        "node": 8,
        "order": "(O7-MD-I21)",
        "size": 22
      },
      "9": {
        "installation": 7,
        "node": 9,
        "order": "(O8-MD-I7)",
        "size": 24
      },
      "10": {
        "installation": 17,
        "node": 10,
        "order": "(O9-MD-I17)",
        "size": 29
      },
      "11": {
        "installation": 20,
        "node": 11,
        "order": "(O10-MD-I20)",
        "size": 12
      },
      "12": {
        "installation": 5,
        "node": 12,
        "order": "(O11-MD-I5)",
        "size": 30
      },
      "13": {
        "installation": 22,
        "node": 13,
        "order": "(O12-MD-I22)",
        "size": 14
      },
      "14": {
        "installation": 12,
        "node": 14,
        "order": "(O13-MD-I12)",
        "size": 24
      },
      "15": {
        "installation": 18,
        "node": 15,
        "order": "(O14-MD-I18)",
        "size": 35
      },
      "16": {
        "installation": 14,
        "node": 16,
        "order": "(O15-MD-I14)",
        "size": 22
      },
      "17": {
        "installation": 2,
        "node": 17,
        "order": "(O16-MD-I2)",
        "size": 26
      },
      "18": {
        "installation": 8,
        "node": 18,
        "order": "(O17-OD-I8)",
        "size": 11
      },
      "19": {
        "installation": 19,
        "node": 19,
        "order": "(O18-OD-I19)",
        "size": 12
      },
      "20": {
        "installation": 27,
        "node": 20,
        "order": "(O19-OD-I27)",
        "size": 7
      },
      "21": {
        "installation": 4,
        "node": 21,
        "order": "(O20-OD-I4)",
        "size": 12
      },
      "22": {
        "installation": 23,
        "node": 22,
        "order": "(O21-OD-I23)",
        "size": 14
      },
      "23": {
        "installation": 10,
        "node": 23,
        "order": "(O22-OD-I10)",
        "size": 5
      },
      "24": {
        "installation": 26,
        "node": 24,
        "order": "(O23-OD-I26)",
        "size": 18
      },
      "25": {
        "installation": 1,
        "node": 25,
        "order": "(O24-OD-I1)",
        "size": 18
      },
      "26": {
        "installation": 13,
        "node": 26,
        "order": "(O25-OD-I13)",
        "size": 8
      },
      "27": {
        "installation": 25,
        "node": 27,
        "order": "(O26-OP-I25)",
        "size": 25
      },
      "28": {
        "installation": 15,
        "node": 28,
        "order": "(O27-OP-I15)",
        "size": 23
      },
      "29": {
        "installation": 2,
        "node": 29,
        "order": "(O28-OP-I2)",
        "size": 21
      },
      "30": {
        "installation": 23,
        "node": 30,
        "order": "(O29-OP-I23)",
        "size": 19
      },
      "31": {
        "installation": 27,
        "node": 31,
        "order": "(O30-OP-I27)",
        "size": 33
      },
      "32": {
        "installation": 6,
        "node": 32,
        "order": "(O31-OP-I6)",
        "size": 22
      },
      "33": {
        "installation": 11,
        "node": 33,
        "order": "(O32-OP-I11)",
        "size": 19
      },
      "34": {
        "installation": 19,
        "node": 34,
        "order": "(O33-OP-I19)",
        "size": 19
      }
    },
    "weather_scenario": "perfect"
  },
  "objective": {
    "charter_costs": 0,
    "fuel_costs": 9478.3288,
    "objective_bound": 4811.5599,
    "optimality_gap": 0.492361992665619,
    "penalty_costs": 0.0
  },
  "order_fulfillment": {
    "postponed_orders": [],
    "serviced_orders": [
      1,
      2,
      3,
      4,
      5,
      6,
      7,
      8,
      9,
      10,
      11,
      12,
      13,
      14,
      15,
      16,
      17,
      18,
      19,
      20,
      21,
      22,
      23,
      24,
      25,
      26,
      27,
      28,
      29,
      30,
      31,
      32,
      33,
      34
    ]
  },
  "runtime": {
    "model_runtime": 3600.3641,
    "preprocess_runtime": 241.2367
  },
  "variables": {
    "number_of_arcs": 3734868,
    "number_of_bin_variables": 3735084,
    "number_of_cont_variables": 432,
    "number_of_variables": 3735516
  },
  "vessels": {
    "chartered_vessels": 0,
    "fleet_vessels": 5
  },
  "voyages": {
    "0": {
      "0": [
        16,
        [
          63,
          93,
          102
        ],
        10.0,
        [
          108.0,
          0
        ],
        [
          752.4450000000003,
          0.0
        ]
      ],
      "2": [
        33,
        [
          146,
          146,
          147
        ],
        0,
        [
          37.99999999999996,
          19.0
        ],
        [
          11.73,
          0.0
        ]
      ],
      "16": [
        26,
        [
          102,
          109,
          113
        ],
        10.0,
        [
          86.00000000000016,
          0
        ],
        [
          197.85750000000007,
          0.0
        ]
      ],
      "17": [
        29,
        [
          164,
          164,
          165
        ],
        0,
        [
          11.999999999999957,
          98.00000000000006
        ],
        [
          11.73,
          0.0
        ]
      ],
      "18": [
        19,
        [
          120,
          129,
          134
        ],
        10.0,
        [
          67.00000000000064,
          0
        ],
        [
          252.71250000000006,
          0.0
        ]
      ],
      "19": [
        34,
        [
          134,
          134,
          135
        ],
        0,
        [
          55.00000000000064,
          0
        ],
        [
          11.73,
          0.0
        ]
      ],
      "21": [
        35,
        [
          171,
          184,
          184
        ],
        10.0,
        [
          0,
          131.0
        ],
        [
          280.3125000000001,
          0.0
        ]
      ],
      "26": [
        18,
        [
          113,
          115,
          120
        ],
        10.0,
        [
          78.00000000000053,
          0
        ],
        [
          101.77500000000002,
          0.0
        ]
      ],
      "29": [
        21,
        [
          165,
          166,
          171
        ],
        10.0,
        [
          12.0,
          119.00000000000006
        ],
        [
          80.2125,
          0.0
        ]
      ],
      "33": [
        17,
        [
          147,
          153,
          164
        ],
        10.0,
        [
          37.99999999999996,
          38.0
        ],
        [
          258.40500000000003,
          0.0
        ]
      ],
      "34": [
        2,
        [
          135,
          139,
          146
        ],
        10.0,
        [
          55.00000000000064,
          19.0
        ],
        [
          168.36000000000004,
          0.0
        ]
      ]
    },
    "1": {
      "0": [
        25,
        [
          63,
          75,
          83
        ],
        10.0,
        [
          110.0,
          0
        ],
        [
          390.9233333333334,
          0.0
        ]
      ],
      "4": [
        35,
        [
          131,
          144,
          144
        ],
        10.0,
        [
          0,
          130.0
        ],
        [
          321.8402777777779,
          0.0
        ]
      ],
      "7": [
        32,
        [
          96,
          96,
          97
        ],
        0,
        [
          72.00000000000018,
          0
        ],
        [
          11.73,
          0.0
        ]
      ],
      "9": [
        12,
        [
          107,
          108,
          120
        ],
        10.0,
        [
          47.99999999999988,
          22.0
        ],
        [
          165.51694444444448,
          0.0
        ]
      ],
      "12": [
        4,
        [
          120,
          121,
          131
        ],
        10.0,
        [
          18.0,
          21.9999999999999
        ],
        [
          135.15694444444446,
          0.0
        ]
      ],
      "25": [
        7,
        [
          83,
          88,
          96
        ],
        10.0,
        [
          92.0000000000001,
          0
        ],
        [
          217.62472222222226,
          0.0
        ]
      ],
      "32": [
        9,
        [
          97,
          97,
          107
        ],
        12.0,
        [
          72.00000000000018,
          22.0
        ],
        [
          117.30000000000001,
          0.0
        ]
      ]
    },
    "2": {
      "0": [
        15,
        [
          63,
          84,
          98
        ],
        10.0,
        [
          125.0,
          0
        ],
        [
          635.4804166666668,
          0.0
        ]
      ],
      "6": [
        20,
        [
          157,
          174,
          177
        ],
        10.0,
        [
          7.0,
          92.0000000000001
        ],
        [
          416.6865277777779,
          0.0
        ]
      ],
      "8": [
        13,
        [
          138,
          138,
          144
        ],
        13.0,
        [
          35.9999999999997,
          18.999999999999858
        ],
        [
          70.38000000000001,
          0.0
        ]
      ],
      "13": [
        6,
        [
          144,
          151,
          157
        ],
        10.0,
        [
          21.999999999999872,
          18.99999999999966
        ],
        [
          227.4668055555556,
          0.0
        ]
      ],
      "15": [
        24,
        [
          98,
          110,
          118
        ],
        10.0,
        [
          90.0,
          0
        ],
        [
          363.1316666666668,
          0.0
        ]
      ],
      "20": [
        31,
        [
          177,
          177,
          178
        ],
        0,
        [
          0,
          92.0
        ],
        [
          11.73,
          0.0
        ]
      ],
      "22": [
        30,
        [
          128,
          128,
          129
        ],
        0,
        [
          58.0,
          0
        ],
        [
          11.73,
          0.0
        ]
      ],
      "24": [
        22,
        [
          118,
          122,
          128
        ],
        10.0,
        [
          72.0,
          0
        ],
        [
          160.14388888888894,
          0.0
        ]
      ],
      "30": [
        8,
        [
          129,
          129,
          138
        ],
        12.0,
        [
          58.0,
          19.0
        ],
        [
          105.57000000000001,
          0.0
        ]
      ],
      "31": [
        35,
        [
          178,
          188,
          188
        ],
        10.0,
        [
          0,
          125.0
        ],
        [
          224.4097222222223,
          0.0
        ]
      ]
    },
    "3": {
      "0": [
        5,
        [
          63,
          89,
          99
        ],
        10.0,
        [
          115.0,
          0
        ],
        [
          748.5222222222224,
          0.0
        ]
      ],
      "3": [
        10,
        [
          115,
          118,
          130
        ],
        10.0,
        [
          65.00000000000001,
          23.0
        ],
        [
          213.59333333333336,
          0.0
        ]
      ],
      "5": [
        28,
        [
          99,
          99,
          100
        ],
        0,
        [
          91.00000000000001,
          0
        ],
        [
          11.73,
          0.0
        ]
      ],
      "10": [
        11,
        [
          130,
          135,
          140
        ],
        10.0,
        [
          36.000000000000014,
          23.0
        ],
        [
          180.03888888888892,
          0.0
        ]
      ],
      "11": [
        14,
        [
          140,
          144,
          154
        ],
        10.0,
        [
          24.00000000000001,
          23.0
        ],
        [
          214.41111111111115,
          0.0
        ]
      ],
      "14": [
        35,
        [
          154,
          175,
          175
        ],
        10.0,
        [
          0,
          23.0
        ],
        [
          509.8333333333335,
          0.0
        ]
      ],
      "28": [
        3,
        [
          100,
          104,
          115
        ],
        10.0,
        [
          91.00000000000001,
          23.0
        ],
        [
          226.14111111111112,
          0.0
        ]
      ]
    },
    "4": {
      "0": [
        1,
        [
          63,
          87,
          95
        ],
        10.0,
        [
          24.0,
          0
        ],
        [
          611.3400000000001,
          0.0
        ]
      ],
      "1": [
        23,
        [
          95,
          97,
          99
        ],
        10.0,
        [
          4.999999999999943,
          0
        ],
        [
          66.58500000000001,
          0.0
        ]
      ],
      "23": [
        27,
        [
          99,
          114,
          115
        ],
        10.0,
        [
          0,
          0
        ],
        [
          335.16750000000013,
          0.0
        ]
      ],
      "27": [
        35,
        [
          115,
          145,
          145
        ],
        10.0,
        [
          0,
          127.0
        ],
        [
          646.8750000000002,
          0.0
        ]
      ]
    },
    "5": {
      "0": [
        35,
        [
          63,
          63,
          63
        ],
        0,
        [
          0,
          0
        ],
        [
          0,
          0
        ]
      ]
    }
  }
}